institute_code,institute_name,program_code,program_name,category,gender,quota,year,opening_rank,closing_rank,total_seats,student_rank,admitted
111003,NIT Warangal,111003_ECE,ECE,EWS,Gender-Neutral,AI,2021,706,964,30,828,1
111004,MNIT Jaipur,111004_ECE,ECE,EWS,Gender-Neutral,AI,2021,517,726,34,506,1
111004,MNIT Jaipur,111004_ECE,ECE,EWS,Gender-Neutral,AI,2022,755,960,34,901,1
111004,MNIT Jaipur,111004_CSE,CSE,EWS,Gender-Neutral,AI,2023,271,441,37,358,1
111003,NIT Warangal,111003_CSE,CSE,EWS,Gender-Neutral,AI,2020,716,988,29,1153,0
111004,MNIT Jaipur,111004_CSE,CSE,EWS,Gender-Neutral,AI,2023,271,441,37,591,0
111004,MNIT Jaipur,111004_CSE,CSE,EWS,Gender-Neutral,AI,2021,477,774,23,687,1
111003,NIT Warangal,111003_ECE,ECE,OPEN,Gender-Neutral,AI,2020,541,717,25,932,0
111005,VNIT Nagpur,111005_CSE,CSE,EWS,Gender-Neutral,AI,2022,519,703,26,607,1
111001,MNNIT Allahabad,111001_ECE,ECE,OPEN,Gender-Neutral,AI,2021,360,577,20,575,1
111005,VNIT Nagpur,111005_CSE,CSE,EWS,Gender-Neutral,AI,2020,250,414,23,333,1
111001,MNNIT Allahabad,111001_CSE,CSE,EWS,Gender-Neutral,AI,2023,370,548,23,448,1
111004,MNIT Jaipur,111004_CSE,CSE,EWS,Gender-Neutral,AI,2021,477,774,23,947,0
111005,VNIT Nagpur,111005_ECE,ECE,OPEN,Gender-Neutral,AI,2023,536,821,27,498,1
111005,VNIT Nagpur,111005_ECE,ECE,EWS,Gender-Neutral,AI,2021,684,949,22,782,1
111005,VNIT Nagpur,111005_CSE,CSE,OPEN,Gender-Neutral,AI,2024,618,917,30,1099,0
111002,NITK Surathkal,111002_CSE,CSE,OPEN,Gender-Neutral,AI,2024,250,403,20,488,0
111005,VNIT Nagpur,111005_CSE,CSE,OPEN,Gender-Neutral,AI,2024,618,917,30,922,0
111004,MNIT Jaipur,111004_ECE,ECE,OPEN,Gender-Neutral,AI,2023,510,778,30,1089,0
111002,NITK Surathkal,111002_ECE,ECE,EWS,Gender-Neutral,AI,2020,305,505,36,526,0
111003,NIT Warangal,111003_ECE,ECE,OPEN,Gender-Neutral,AI,2022,718,1004,38,915,1
111001,MNNIT Allahabad,111001_ECE,ECE,OPEN,Gender-Neutral,AI,2023,250,462,36,625,0
111002,NITK Surathkal,111002_ECE,ECE,EWS,Gender-Neutral,AI,2023,200,439,33,348,1
111003,NIT Warangal,111003_ECE,ECE,EWS,Gender-Neutral,AI,2021,706,964,30,1066,0
111002,NITK Surathkal,111002_CSE,CSE,EWS,Gender-Neutral,AI,2020,617,881,28,1015,0
111002,NITK Surathkal,111002_CSE,CSE,EWS,Gender-Neutral,AI,2021,268,516,31,370,1
111001,MNNIT Allahabad,111001_ECE,ECE,EWS,Gender-Neutral,AI,2020,688,965,26,902,1
111005,VNIT Nagpur,111005_ECE,ECE,OPEN,Gender-Neutral,AI,2024,238,399,28,537,0
111005,VNIT Nagpur,111005_ECE,ECE,EWS,Gender-Neutral,AI,2020,736,964,23,891,1
111005,VNIT Nagpur,111005_ECE,ECE,EWS,Gender-Neutral,AI,2022,596,858,28,487,1
111002,NITK Surathkal,111002_ECE,ECE,OPEN,Gender-Neutral,AI,2022,308,603,34,601,1
111001,MNNIT Allahabad,111001_ECE,ECE,OPEN,Gender-Neutral,AI,2021,360,577,20,635,0
111004,MNIT Jaipur,111004_CSE,CSE,OPEN,Gender-Neutral,AI,2021,477,774,23,711,1
111003,NIT Warangal,111003_CSE,CSE,OPEN,Gender-Neutral,AI,2024,460,646,25,643,1
111002,NITK Surathkal,111002_ECE,ECE,EWS,Gender-Neutral,AI,2023,200,439,33,283,1
111001,MNNIT Allahabad,111001_ECE,ECE,OPEN,Gender-Neutral,AI,2024,285,463,33,320,1
111004,MNIT Jaipur,111004_CSE,CSE,OPEN,Gender-Neutral,AI,2024,752,1015,31,875,1
111003,NIT Warangal,111003_ECE,ECE,OPEN,Gender-Neutral,AI,2024,415,567,22,525,1
111005,VNIT Nagpur,111005_ECE,ECE,OPEN,Gender-Neutral,AI,2020,736,964,23,777,1
111001,MNNIT Allahabad,111001_CSE,CSE,EWS,Gender-Neutral,AI,2022,720,957,20,1025,0
111002,NITK Surathkal,111002_ECE,ECE,EWS,Gender-Neutral,AI,2021,247,457,36,534,0
111001,MNNIT Allahabad,111001_CSE,CSE,EWS,Gender-Neutral,AI,2024,696,897,31,1203,0
111002,NITK Surathkal,111002_ECE,ECE,EWS,Gender-Neutral,AI,2020,305,505,36,422,1
111005,VNIT Nagpur,111005_ECE,ECE,OPEN,Gender-Neutral,AI,2023,536,821,27,916,0
111002,NITK Surathkal,111002_CSE,CSE,OPEN,Gender-Neutral,AI,2024,250,403,20,408,0
111002,NITK Surathkal,111002_CSE,CSE,EWS,Gender-Neutral,AI,2023,572,729,23,735,0
111005,VNIT Nagpur,111005_ECE,ECE,OPEN,Gender-Neutral,AI,2021,684,949,22,839,1
111004,MNIT Jaipur,111004_CSE,CSE,EWS,Gender-Neutral,AI,2020,488,643,38,713,0
111003,NIT Warangal,111003_CSE,CSE,OPEN,Gender-Neutral,AI,2021,577,863,38,1057,0
111005,VNIT Nagpur,111005_CSE,CSE,OPEN,Gender-Neutral,AI,2021,317,487,28,371,1
111003,NIT Warangal,111003_ECE,ECE,EWS,Gender-Neutral,AI,2023,465,717,39,740,0
111005,VNIT Nagpur,111005_CSE,CSE,OPEN,Gender-Neutral,AI,2023,676,856,34,662,1
111002,NITK Surathkal,111002_CSE,CSE,OPEN,Gender-Neutral,AI,2023,572,729,23,652,1
111003,NIT Warangal,111003_ECE,ECE,OPEN,Gender-Neutral,AI,2023,465,717,39,920,0
111001,MNNIT Allahabad,111001_CSE,CSE,OPEN,Gender-Neutral,AI,2021,539,780,34,599,1
111001,MNNIT Allahabad,111001_CSE,CSE,OPEN,Gender-Neutral,AI,2021,539,780,34,638,1
111004,MNIT Jaipur,111004_CSE,CSE,EWS,Gender-Neutral,AI,2020,488,643,38,600,1
111001,MNNIT Allahabad,111001_CSE,CSE,OPEN,Gender-Neutral,AI,2020,302,544,34,497,1
111002,NITK Surathkal,111002_CSE,CSE,EWS,Gender-Neutral,AI,2021,268,516,31,392,1
111005,VNIT Nagpur,111005_CSE,CSE,OPEN,Gender-Neutral,AI,2021,317,487,28,543,0
111002,NITK Surathkal,111002_CSE,CSE,OPEN,Gender-Neutral,AI,2024,250,403,20,474,0
111001,MNNIT Allahabad,111001_CSE,CSE,OPEN,Gender-Neutral,AI,2022,720,957,20,455,1
111003,NIT Warangal,111003_ECE,ECE,OPEN,Gender-Neutral,AI,2022,718,1004,38,910,1
111002,NITK Surathkal,111002_CSE,CSE,EWS,Gender-Neutral,AI,2020,617,881,28,921,0
111004,MNIT Jaipur,111004_CSE,CSE,EWS,Gender-Neutral,AI,2020,488,643,38,523,1
111004,MNIT Jaipur,111004_CSE,CSE,EWS,Gender-Neutral,AI,2024,752,1015,31,805,1
111004,MNIT Jaipur,111004_CSE,CSE,EWS,Gender-Neutral,AI,2023,271,441,37,520,0
111005,VNIT Nagpur,111005_CSE,CSE,OPEN,Gender-Neutral,AI,2023,676,856,34,764,1
111001,MNNIT Allahabad,111001_CSE,CSE,EWS,Gender-Neutral,AI,2023,370,548,23,641,0
111003,NIT Warangal,111003_ECE,ECE,EWS,Gender-Neutral,AI,2022,718,1004,38,1182,0
111001,MNNIT Allahabad,111001_ECE,ECE,EWS,Gender-Neutral,AI,2020,688,965,26,925,1
111003,NIT Warangal,111003_CSE,CSE,EWS,Gender-Neutral,AI,2024,460,646,25,726,0
111003,NIT Warangal,111003_ECE,ECE,EWS,Gender-Neutral,AI,2024,415,567,22,410,1
111004,MNIT Jaipur,111004_ECE,ECE,OPEN,Gender-Neutral,AI,2022,755,960,34,1032,0
111002,NITK Surathkal,111002_CSE,CSE,OPEN,Gender-Neutral,AI,2024,250,403,20,368,1
111002,NITK Surathkal,111002_CSE,CSE,EWS,Gender-Neutral,AI,2024,250,403,20,381,1
111004,MNIT Jaipur,111004_CSE,CSE,EWS,Gender-Neutral,AI,2022,283,438,38,347,1
111001,MNNIT Allahabad,111001_CSE,CSE,EWS,Gender-Neutral,AI,2021,539,780,34,699,1
111003,NIT Warangal,111003_ECE,ECE,OPEN,Gender-Neutral,AI,2024,415,567,22,578,0
111002,NITK Surathkal,111002_ECE,ECE,OPEN,Gender-Neutral,AI,2020,305,505,36,410,1
111004,MNIT Jaipur,111004_CSE,CSE,OPEN,Gender-Neutral,AI,2023,271,441,37,562,0
111001,MNNIT Allahabad,111001_CSE,CSE,OPEN,Gender-Neutral,AI,2023,370,548,23,653,0
111002,NITK Surathkal,111002_CSE,CSE,OPEN,Gender-Neutral,AI,2023,572,729,23,720,1
111001,MNNIT Allahabad,111001_CSE,CSE,OPEN,Gender-Neutral,AI,2023,370,548,23,525,1
111002,NITK Surathkal,111002_ECE,ECE,OPEN,Gender-Neutral,AI,2020,305,505,36,434,1
111003,NIT Warangal,111003_ECE,ECE,EWS,Gender-Neutral,AI,2022,718,1004,38,966,1
111005,VNIT Nagpur,111005_ECE,ECE,OPEN,Gender-Neutral,AI,2024,238,399,28,303,1
111004,MNIT Jaipur,111004_ECE,ECE,OPEN,Gender-Neutral,AI,2020,234,476,34,514,0
111004,MNIT Jaipur,111004_ECE,ECE,OPEN,Gender-Neutral,AI,2022,755,960,34,1037,0
111002,NITK Surathkal,111002_ECE,ECE,EWS,Gender-Neutral,AI,2021,247,457,36,434,1
111002,NITK Surathkal,111002_ECE,ECE,OPEN,Gender-Neutral,AI,2024,578,805,23,1090,0
111003,NIT Warangal,111003_CSE,CSE,OPEN,Gender-Neutral,AI,2022,668,866,26,1068,0
111003,NIT Warangal,111003_ECE,ECE,EWS,Gender-Neutral,AI,2021,706,964,30,998,0
111002,NITK Surathkal,111002_CSE,CSE,OPEN,Gender-Neutral,AI,2020,617,881,28,644,1
111004,MNIT Jaipur,111004_ECE,ECE,OPEN,Gender-Neutral,AI,2024,543,746,26,896,0
111003,NIT Warangal,111003_CSE,CSE,EWS,Gender-Neutral,AI,2021,577,863,38,1001,0
111004,MNIT Jaipur,111004_ECE,ECE,EWS,Gender-Neutral,AI,2023,510,778,30,808,0
111001,MNNIT Allahabad,111001_CSE,CSE,EWS,Gender-Neutral,AI,2024,696,897,31,1034,0
111001,MNNIT Allahabad,111001_CSE,CSE,EWS,Gender-Neutral,AI,2023,370,548,23,646,0
111005,VNIT Nagpur,111005_CSE,CSE,EWS,Gender-Neutral,AI,2021,317,487,28,554,0
111004,MNIT Jaipur,111004_ECE,ECE,OPEN,Gender-Neutral,AI,2020,234,476,34,423,1
111002,NITK Surathkal,111002_ECE,ECE,OPEN,Gender-Neutral,AI,2022,308,603,34,620,0
111005,VNIT Nagpur,111005_ECE,ECE,EWS,Gender-Neutral,AI,2021,684,949,22,916,1
111002,NITK Surathkal,111002_CSE,CSE,EWS,Gender-Neutral,AI,2022,730,918,22,753,1
111004,MNIT Jaipur,111004_CSE,CSE,EWS,Gender-Neutral,AI,2021,477,774,23,883,0
111004,MNIT Jaipur,111004_CSE,CSE,OPEN,Gender-Neutral,AI,2022,283,438,38,482,0
111003,NIT Warangal,111003_ECE,ECE,EWS,Gender-Neutral,AI,2022,718,1004,38,1147,0
111005,VNIT Nagpur,111005_ECE,ECE,OPEN,Gender-Neutral,AI,2022,596,858,28,833,1
111001,MNNIT Allahabad,111001_ECE,ECE,EWS,Gender-Neutral,AI,2023,250,462,36,420,1
111005,VNIT Nagpur,111005_ECE,ECE,OPEN,Gender-Neutral,AI,2020,736,964,23,828,1
111003,NIT Warangal,111003_ECE,ECE,EWS,Gender-Neutral,AI,2021,706,964,30,1083,0
111005,VNIT Nagpur,111005_CSE,CSE,OPEN,Gender-Neutral,AI,2021,317,487,28,462,1
111005,VNIT Nagpur,111005_ECE,ECE,OPEN,Gender-Neutral,AI,2024,238,399,28,335,1
111005,VNIT Nagpur,111005_CSE,CSE,EWS,Gender-Neutral,AI,2020,250,414,23,529,0
111001,MNNIT Allahabad,111001_CSE,CSE,OPEN,Gender-Neutral,AI,2024,696,897,31,890,1
111003,NIT Warangal,111003_CSE,CSE,OPEN,Gender-Neutral,AI,2021,577,863,38,603,1
111001,MNNIT Allahabad,111001_ECE,ECE,OPEN,Gender-Neutral,AI,2024,285,463,33,463,1
111005,VNIT Nagpur,111005_ECE,ECE,OPEN,Gender-Neutral,AI,2023,536,821,27,600,1
111003,NIT Warangal,111003_ECE,ECE,OPEN,Gender-Neutral,AI,2021,706,964,30,1211,0
111002,NITK Surathkal,111002_CSE,CSE,OPEN,Gender-Neutral,AI,2024,250,403,20,488,0
111005,VNIT Nagpur,111005_CSE,CSE,OPEN,Gender-Neutral,AI,2024,618,917,30,1047,0
111003,NIT Warangal,111003_CSE,CSE,EWS,Gender-Neutral,AI,2021,577,863,38,953,0
111004,MNIT Jaipur,111004_ECE,ECE,EWS,Gender-Neutral,AI,2020,234,476,34,607,0
111002,NITK Surathkal,111002_CSE,CSE,OPEN,Gender-Neutral,AI,2023,572,729,23,419,1
111002,NITK Surathkal,111002_CSE,CSE,EWS,Gender-Neutral,AI,2021,268,516,31,656,0
111003,NIT Warangal,111003_ECE,ECE,EWS,Gender-Neutral,AI,2022,718,1004,38,1067,0
111003,NIT Warangal,111003_ECE,ECE,EWS,Gender-Neutral,AI,2024,415,567,22,770,0
111003,NIT Warangal,111003_CSE,CSE,EWS,Gender-Neutral,AI,2022,668,866,26,672,1
111005,VNIT Nagpur,111005_CSE,CSE,OPEN,Gender-Neutral,AI,2023,676,856,34,615,1
111005,VNIT Nagpur,111005_CSE,CSE,OPEN,Gender-Neutral,AI,2020,250,414,23,398,1
111003,NIT Warangal,111003_ECE,ECE,OPEN,Gender-Neutral,AI,2024,415,567,22,685,0
111005,VNIT Nagpur,111005_CSE,CSE,OPEN,Gender-Neutral,AI,2022,519,703,26,594,1
111002,NITK Surathkal,111002_CSE,CSE,EWS,Gender-Neutral,AI,2023,572,729,23,800,0
111005,VNIT Nagpur,111005_ECE,ECE,EWS,Gender-Neutral,AI,2024,238,399,28,418,0
111003,NIT Warangal,111003_ECE,ECE,EWS,Gender-Neutral,AI,2021,706,964,30,661,1
111001,MNNIT Allahabad,111001_CSE,CSE,OPEN,Gender-Neutral,AI,2022,720,957,20,1114,0
111001,MNNIT Allahabad,111001_ECE,ECE,OPEN,Gender-Neutral,AI,2021,360,577,20,423,1
111002,NITK Surathkal,111002_CSE,CSE,EWS,Gender-Neutral,AI,2020,617,881,28,867,1
111001,MNNIT Allahabad,111001_CSE,CSE,OPEN,Gender-Neutral,AI,2021,539,780,34,1017,0
111001,MNNIT Allahabad,111001_CSE,CSE,OPEN,Gender-Neutral,AI,2023,370,548,23,400,1
111001,MNNIT Allahabad,111001_CSE,CSE,OPEN,Gender-Neutral,AI,2022,720,957,20,668,1
111002,NITK Surathkal,111002_CSE,CSE,OPEN,Gender-Neutral,AI,2022,730,918,22,466,1
111004,MNIT Jaipur,111004_ECE,ECE,OPEN,Gender-Neutral,AI,2021,517,726,34,988,0
111002,NITK Surathkal,111002_CSE,CSE,EWS,Gender-Neutral,AI,2024,250,403,20,527,0
111005,VNIT Nagpur,111005_CSE,CSE,EWS,Gender-Neutral,AI,2024,618,917,30,939,0
111005,VNIT Nagpur,111005_ECE,ECE,OPEN,Gender-Neutral,AI,2020,736,964,23,1257,0
111005,VNIT Nagpur,111005_CSE,CSE,OPEN,Gender-Neutral,AI,2020,250,414,23,459,0
111002,NITK Surathkal,111002_CSE,CSE,OPEN,Gender-Neutral,AI,2022,730,918,22,1072,0
111005,VNIT Nagpur,111005_CSE,CSE,OPEN,Gender-Neutral,AI,2021,317,487,28,559,0
111002,NITK Surathkal,111002_ECE,ECE,EWS,Gender-Neutral,AI,2021,247,457,36,400,1
111004,MNIT Jaipur,111004_CSE,CSE,OPEN,Gender-Neutral,AI,2022,283,438,38,564,0
111001,MNNIT Allahabad,111001_ECE,ECE,OPEN,Gender-Neutral,AI,2022,548,743,22,753,0
111005,VNIT Nagpur,111005_ECE,ECE,EWS,Gender-Neutral,AI,2023,536,821,27,775,1
111003,NIT Warangal,111003_CSE,CSE,OPEN,Gender-Neutral,AI,2021,577,863,38,462,1
111005,VNIT Nagpur,111005_ECE,ECE,EWS,Gender-Neutral,AI,2022,596,858,28,732,1
111003,NIT Warangal,111003_CSE,CSE,EWS,Gender-Neutral,AI,2023,361,634,20,544,1
111002,NITK Surathkal,111002_ECE,ECE,EWS,Gender-Neutral,AI,2020,305,505,36,475,1
111004,MNIT Jaipur,111004_CSE,CSE,OPEN,Gender-Neutral,AI,2024,752,1015,31,1167,0
111001,MNNIT Allahabad,111001_CSE,CSE,EWS,Gender-Neutral,AI,2023,370,548,23,562,0
111005,VNIT Nagpur,111005_CSE,CSE,OPEN,Gender-Neutral,AI,2024,618,917,30,1187,0
111003,NIT Warangal,111003_ECE,ECE,OPEN,Gender-Neutral,AI,2024,415,567,22,592,0
111004,MNIT Jaipur,111004_ECE,ECE,OPEN,Gender-Neutral,AI,2023,510,778,30,600,1
111004,MNIT Jaipur,111004_CSE,CSE,EWS,Gender-Neutral,AI,2022,283,438,38,491,0
111004,MNIT Jaipur,111004_CSE,CSE,OPEN,Gender-Neutral,AI,2022,283,438,38,455,0
111005,VNIT Nagpur,111005_CSE,CSE,OPEN,Gender-Neutral,AI,2023,676,856,34,960,0
111004,MNIT Jaipur,111004_CSE,CSE,EWS,Gender-Neutral,AI,2023,271,441,37,311,1
111002,NITK Surathkal,111002_CSE,CSE,OPEN,Gender-Neutral,AI,2024,250,403,20,524,0
111004,MNIT Jaipur,111004_CSE,CSE,OPEN,Gender-Neutral,AI,2024,752,1015,31,1056,0
111002,NITK Surathkal,111002_ECE,ECE,OPEN,Gender-Neutral,AI,2020,305,505,36,494,1
111002,NITK Surathkal,111002_ECE,ECE,OPEN,Gender-Neutral,AI,2020,305,505,36,405,1
111002,NITK Surathkal,111002_ECE,ECE,EWS,Gender-Neutral,AI,2023,200,439,33,293,1
111003,NIT Warangal,111003_CSE,CSE,OPEN,Gender-Neutral,AI,2023,361,634,20,411,1
111001,MNNIT Allahabad,111001_ECE,ECE,EWS,Gender-Neutral,AI,2020,688,965,26,1215,0
111005,VNIT Nagpur,111005_ECE,ECE,EWS,Gender-Neutral,AI,2024,238,399,28,420,0
111003,NIT Warangal,111003_CSE,CSE,EWS,Gender-Neutral,AI,2024,460,646,25,940,0
111002,NITK Surathkal,111002_ECE,ECE,OPEN,Gender-Neutral,AI,2023,200,439,33,297,1
111002,NITK Surathkal,111002_CSE,CSE,EWS,Gender-Neutral,AI,2022,730,918,22,789,1
111002,NITK Surathkal,111002_CSE,CSE,OPEN,Gender-Neutral,AI,2022,730,918,22,807,1
111005,VNIT Nagpur,111005_CSE,CSE,OPEN,Gender-Neutral,AI,2020,250,414,23,273,1
111004,MNIT Jaipur,111004_CSE,CSE,EWS,Gender-Neutral,AI,2023,271,441,37,416,1
111003,NIT Warangal,111003_CSE,CSE,OPEN,Gender-Neutral,AI,2024,460,646,25,661,0
111004,MNIT Jaipur,111004_CSE,CSE,EWS,Gender-Neutral,AI,2023,271,441,37,446,0
111002,NITK Surathkal,111002_ECE,ECE,OPEN,Gender-Neutral,AI,2023,200,439,33,402,1
111003,NIT Warangal,111003_ECE,ECE,OPEN,Gender-Neutral,AI,2021,706,964,30,1060,0
111005,VNIT Nagpur,111005_CSE,CSE,EWS,Gender-Neutral,AI,2022,519,703,26,931,0
111001,MNNIT Allahabad,111001_ECE,ECE,EWS,Gender-Neutral,AI,2021,360,577,20,598,0
111002,NITK Surathkal,111002_ECE,ECE,OPEN,Gender-Neutral,AI,2022,308,603,34,703,0
111002,NITK Surathkal,111002_ECE,ECE,OPEN,Gender-Neutral,AI,2023,200,439,33,405,1
111005,VNIT Nagpur,111005_ECE,ECE,OPEN,Gender-Neutral,AI,2022,596,858,28,913,0
111004,MNIT Jaipur,111004_ECE,ECE,EWS,Gender-Neutral,AI,2022,755,960,34,1046,0
111005,VNIT Nagpur,111005_ECE,ECE,EWS,Gender-Neutral,AI,2022,596,858,28,836,1
111005,VNIT Nagpur,111005_CSE,CSE,EWS,Gender-Neutral,AI,2021,317,487,28,553,0
111004,MNIT Jaipur,111004_CSE,CSE,OPEN,Gender-Neutral,AI,2022,283,438,38,373,1
111001,MNNIT Allahabad,111001_ECE,ECE,OPEN,Gender-Neutral,AI,2024,285,463,33,566,0
111002,NITK Surathkal,111002_CSE,CSE,OPEN,Gender-Neutral,AI,2020,617,881,28,644,1
111003,NIT Warangal,111003_CSE,CSE,EWS,Gender-Neutral,AI,2020,716,988,29,835,1
111002,NITK Surathkal,111002_ECE,ECE,EWS,Gender-Neutral,AI,2021,247,457,36,596,0
111002,NITK Surathkal,111002_CSE,CSE,OPEN,Gender-Neutral,AI,2020,617,881,28,1064,0
111004,MNIT Jaipur,111004_CSE,CSE,EWS,Gender-Neutral,AI,2020,488,643,38,399,1
111001,MNNIT Allahabad,111001_CSE,CSE,OPEN,Gender-Neutral,AI,2023,370,548,23,581,0
111001,MNNIT Allahabad,111001_CSE,CSE,OPEN,Gender-Neutral,AI,2021,539,780,34,617,1
111003,NIT Warangal,111003_ECE,ECE,OPEN,Gender-Neutral,AI,2021,706,964,30,1168,0
111004,MNIT Jaipur,111004_CSE,CSE,OPEN,Gender-Neutral,AI,2024,752,1015,31,1449,0
111003,NIT Warangal,111003_ECE,ECE,OPEN,Gender-Neutral,AI,2022,718,1004,38,1286,0
111005,VNIT Nagpur,111005_CSE,CSE,EWS,Gender-Neutral,AI,2021,317,487,28,541,0
111003,NIT Warangal,111003_ECE,ECE,EWS,Gender-Neutral,AI,2024,415,567,22,172,1
111001,MNNIT Allahabad,111001_ECE,ECE,OPEN,Gender-Neutral,AI,2023,250,462,36,632,0
111005,VNIT Nagpur,111005_ECE,ECE,OPEN,Gender-Neutral,AI,2020,736,964,23,1147,0
111003,NIT Warangal,111003_CSE,CSE,OPEN,Gender-Neutral,AI,2024,460,646,25,815,0
111005,VNIT Nagpur,111005_CSE,CSE,OPEN,Gender-Neutral,AI,2021,317,487,28,329,1
111001,MNNIT Allahabad,111001_CSE,CSE,OPEN,Gender-Neutral,AI,2023,370,548,23,443,1
111001,MNNIT Allahabad,111001_ECE,ECE,OPEN,Gender-Neutral,AI,2022,548,743,22,654,1
111005,VNIT Nagpur,111005_ECE,ECE,OPEN,Gender-Neutral,AI,2021,684,949,22,457,1
111005,VNIT Nagpur,111005_CSE,CSE,OPEN,Gender-Neutral,AI,2021,317,487,28,531,0
111004,MNIT Jaipur,111004_CSE,CSE,OPEN,Gender-Neutral,AI,2022,283,438,38,595,0
111002,NITK Surathkal,111002_ECE,ECE,OPEN,Gender-Neutral,AI,2021,247,457,36,559,0
111004,MNIT Jaipur,111004_CSE,CSE,EWS,Gender-Neutral,AI,2023,271,441,37,523,0
111002,NITK Surathkal,111002_CSE,CSE,OPEN,Gender-Neutral,AI,2022,730,918,22,1127,0
111005,VNIT Nagpur,111005_ECE,ECE,OPEN,Gender-Neutral,AI,2020,736,964,23,1017,0
111004,MNIT Jaipur,111004_ECE,ECE,OPEN,Gender-Neutral,AI,2020,234,476,34,578,0
111002,NITK Surathkal,111002_ECE,ECE,EWS,Gender-Neutral,AI,2020,305,505,36,359,1
111004,MNIT Jaipur,111004_ECE,ECE,EWS,Gender-Neutral,AI,2021,517,726,34,811,0
111005,VNIT Nagpur,111005_ECE,ECE,OPEN,Gender-Neutral,AI,2023,536,821,27,845,0
111001,MNNIT Allahabad,111001_CSE,CSE,EWS,Gender-Neutral,AI,2022,720,957,20,1013,0
111005,VNIT Nagpur,111005_CSE,CSE,EWS,Gender-Neutral,AI,2024,618,917,30,822,1
111001,MNNIT Allahabad,111001_CSE,CSE,OPEN,Gender-Neutral,AI,2020,302,544,34,574,0
111003,NIT Warangal,111003_ECE,ECE,EWS,Gender-Neutral,AI,2022,718,1004,38,1023,0
111002,NITK Surathkal,111002_ECE,ECE,EWS,Gender-Neutral,AI,2022,308,603,34,699,0
111005,VNIT Nagpur,111005_ECE,ECE,EWS,Gender-Neutral,AI,2020,736,964,23,644,1
111003,NIT Warangal,111003_ECE,ECE,EWS,Gender-Neutral,AI,2021,706,964,30,950,1
111002,NITK Surathkal,111002_ECE,ECE,OPEN,Gender-Neutral,AI,2022,308,603,34,688,0
111005,VNIT Nagpur,111005_ECE,ECE,EWS,Gender-Neutral,AI,2024,238,399,28,330,1
111003,NIT Warangal,111003_CSE,CSE,OPEN,Gender-Neutral,AI,2024,460,646,25,807,0
111003,NIT Warangal,111003_ECE,ECE,OPEN,Gender-Neutral,AI,2023,465,717,39,637,1
111001,MNNIT Allahabad,111001_CSE,CSE,OPEN,Gender-Neutral,AI,2021,539,780,34,783,0
111001,MNNIT Allahabad,111001_CSE,CSE,EWS,Gender-Neutral,AI,2021,539,780,34,965,0
111002,NITK Surathkal,111002_CSE,CSE,EWS,Gender-Neutral,AI,2021,268,516,31,463,1
111005,VNIT Nagpur,111005_ECE,ECE,EWS,Gender-Neutral,AI,2023,536,821,27,669,1
111001,MNNIT Allahabad,111001_ECE,ECE,EWS,Gender-Neutral,AI,2024,285,463,33,504,0
111002,NITK Surathkal,111002_ECE,ECE,OPEN,Gender-Neutral,AI,2021,247,457,36,232,1
111001,MNNIT Allahabad,111001_CSE,CSE,EWS,Gender-Neutral,AI,2020,302,544,34,653,0
111002,NITK Surathkal,111002_CSE,CSE,EWS,Gender-Neutral,AI,2020,617,881,28,1176,0
111003,NIT Warangal,111003_ECE,ECE,OPEN,Gender-Neutral,AI,2020,541,717,25,791,0
111004,MNIT Jaipur,111004_ECE,ECE,OPEN,Gender-Neutral,AI,2024,543,746,26,787,0
111002,NITK Surathkal,111002_ECE,ECE,OPEN,Gender-Neutral,AI,2020,305,505,36,542,0
111001,MNNIT Allahabad,111001_ECE,ECE,EWS,Gender-Neutral,AI,2020,688,965,26,1115,0
111003,NIT Warangal,111003_CSE,CSE,OPEN,Gender-Neutral,AI,2021,577,863,38,640,1
111001,MNNIT Allahabad,111001_CSE,CSE,OPEN,Gender-Neutral,AI,2023,370,548,23,458,1
111001,MNNIT Allahabad,111001_CSE,CSE,EWS,Gender-Neutral,AI,2024,696,897,31,982,0
111002,NITK Surathkal,111002_CSE,CSE,OPEN,Gender-Neutral,AI,2024,250,403,20,569,0
111001,MNNIT Allahabad,111001_CSE,CSE,OPEN,Gender-Neutral,AI,2024,696,897,31,907,0
111005,VNIT Nagpur,111005_ECE,ECE,EWS,Gender-Neutral,AI,2024,238,399,28,395,1
111004,MNIT Jaipur,111004_ECE,ECE,OPEN,Gender-Neutral,AI,2024,543,746,26,644,1
111005,VNIT Nagpur,111005_CSE,CSE,EWS,Gender-Neutral,AI,2024,618,917,30,555,1
111002,NITK Surathkal,111002_ECE,ECE,OPEN,Gender-Neutral,AI,2024,578,805,23,748,1
111002,NITK Surathkal,111002_ECE,ECE,OPEN,Gender-Neutral,AI,2021,247,457,36,404,1
111003,NIT Warangal,111003_ECE,ECE,OPEN,Gender-Neutral,AI,2020,541,717,25,676,1
111005,VNIT Nagpur,111005_ECE,ECE,EWS,Gender-Neutral,AI,2020,736,964,23,822,1
111005,VNIT Nagpur,111005_ECE,ECE,OPEN,Gender-Neutral,AI,2021,684,949,22,1115,0
111001,MNNIT Allahabad,111001_CSE,CSE,OPEN,Gender-Neutral,AI,2020,302,544,34,603,0
111004,MNIT Jaipur,111004_ECE,ECE,OPEN,Gender-Neutral,AI,2021,517,726,34,630,1
111003,NIT Warangal,111003_CSE,CSE,OPEN,Gender-Neutral,AI,2023,361,634,20,696,0
111001,MNNIT Allahabad,111001_CSE,CSE,OPEN,Gender-Neutral,AI,2024,696,897,31,1053,0
111002,NITK Surathkal,111002_CSE,CSE,OPEN,Gender-Neutral,AI,2023,572,729,23,837,0
111002,NITK Surathkal,111002_ECE,ECE,OPEN,Gender-Neutral,AI,2022,308,603,34,592,1
111005,VNIT Nagpur,111005_CSE,CSE,EWS,Gender-Neutral,AI,2023,676,856,34,1063,0
111004,MNIT Jaipur,111004_ECE,ECE,EWS,Gender-Neutral,AI,2024,543,746,26,859,0
111002,NITK Surathkal,111002_ECE,ECE,OPEN,Gender-Neutral,AI,2024,578,805,23,937,0
111004,MNIT Jaipur,111004_CSE,CSE,OPEN,Gender-Neutral,AI,2021,477,774,23,1065,0
111002,NITK Surathkal,111002_ECE,ECE,OPEN,Gender-Neutral,AI,2024,578,805,23,530,1
111003,NIT Warangal,111003_CSE,CSE,OPEN,Gender-Neutral,AI,2024,460,646,25,516,1
111001,MNNIT Allahabad,111001_ECE,ECE,OPEN,Gender-Neutral,AI,2020,688,965,26,998,0
111005,VNIT Nagpur,111005_ECE,ECE,EWS,Gender-Neutral,AI,2020,736,964,23,1010,0
111002,NITK Surathkal,111002_CSE,CSE,EWS,Gender-Neutral,AI,2022,730,918,22,926,0
111003,NIT Warangal,111003_ECE,ECE,EWS,Gender-Neutral,AI,2021,706,964,30,899,1
111001,MNNIT Allahabad,111001_CSE,CSE,EWS,Gender-Neutral,AI,2020,302,544,34,482,1
111001,MNNIT Allahabad,111001_ECE,ECE,EWS,Gender-Neutral,AI,2024,285,463,33,412,1
111004,MNIT Jaipur,111004_CSE,CSE,EWS,Gender-Neutral,AI,2020,488,643,38,520,1
111001,MNNIT Allahabad,111001_CSE,CSE,EWS,Gender-Neutral,AI,2024,696,897,31,596,1
111004,MNIT Jaipur,111004_ECE,ECE,OPEN,Gender-Neutral,AI,2024,543,746,26,424,1
111003,NIT Warangal,111003_ECE,ECE,EWS,Gender-Neutral,AI,2024,415,567,22,604,0
111004,MNIT Jaipur,111004_ECE,ECE,OPEN,Gender-Neutral,AI,2024,543,746,26,831,0
111002,NITK Surathkal,111002_CSE,CSE,OPEN,Gender-Neutral,AI,2021,268,516,31,668,0
111002,NITK Surathkal,111002_CSE,CSE,OPEN,Gender-Neutral,AI,2024,250,403,20,455,0
111002,NITK Surathkal,111002_CSE,CSE,EWS,Gender-Neutral,AI,2020,617,881,28,685,1
111004,MNIT Jaipur,111004_ECE,ECE,OPEN,Gender-Neutral,AI,2020,234,476,34,412,1
111002,NITK Surathkal,111002_ECE,ECE,EWS,Gender-Neutral,AI,2022,308,603,34,504,1
111003,NIT Warangal,111003_CSE,CSE,OPEN,Gender-Neutral,AI,2022,668,866,26,766,1
111002,NITK Surathkal,111002_CSE,CSE,EWS,Gender-Neutral,AI,2021,268,516,31,500,1
111005,VNIT Nagpur,111005_ECE,ECE,OPEN,Gender-Neutral,AI,2022,596,858,28,754,1
111005,VNIT Nagpur,111005_ECE,ECE,EWS,Gender-Neutral,AI,2022,596,858,28,695,1
111004,MNIT Jaipur,111004_ECE,ECE,OPEN,Gender-Neutral,AI,2024,543,746,26,847,0
111003,NIT Warangal,111003_ECE,ECE,EWS,Gender-Neutral,AI,2020,541,717,25,838,0
111003,NIT Warangal,111003_CSE,CSE,EWS,Gender-Neutral,AI,2023,361,634,20,567,1
111002,NITK Surathkal,111002_ECE,ECE,EWS,Gender-Neutral,AI,2023,200,439,33,683,0
111003,NIT Warangal,111003_CSE,CSE,EWS,Gender-Neutral,AI,2023,361,634,20,724,0
111005,VNIT Nagpur,111005_ECE,ECE,OPEN,Gender-Neutral,AI,2021,684,949,22,941,1
111003,NIT Warangal,111003_CSE,CSE,EWS,Gender-Neutral,AI,2021,577,863,38,1010,0
111001,MNNIT Allahabad,111001_CSE,CSE,EWS,Gender-Neutral,AI,2020,302,544,34,443,1
111001,MNNIT Allahabad,111001_ECE,ECE,OPEN,Gender-Neutral,AI,2022,548,743,22,816,0
111003,NIT Warangal,111003_ECE,ECE,OPEN,Gender-Neutral,AI,2022,718,1004,38,1140,0
111003,NIT Warangal,111003_CSE,CSE,OPEN,Gender-Neutral,AI,2022,668,866,26,859,1
111003,NIT Warangal,111003_CSE,CSE,OPEN,Gender-Neutral,AI,2024,460,646,25,600,1
111003,NIT Warangal,111003_CSE,CSE,EWS,Gender-Neutral,AI,2021,577,863,38,692,1
111004,MNIT Jaipur,111004_ECE,ECE,EWS,Gender-Neutral,AI,2023,510,778,30,731,1
111005,VNIT Nagpur,111005_ECE,ECE,EWS,Gender-Neutral,AI,2022,596,858,28,1025,0
111002,NITK Surathkal,111002_ECE,ECE,OPEN,Gender-Neutral,AI,2021,247,457,36,387,1
111003,NIT Warangal,111003_ECE,ECE,EWS,Gender-Neutral,AI,2023,465,717,39,645,1
111005,VNIT Nagpur,111005_ECE,ECE,OPEN,Gender-Neutral,AI,2021,684,949,22,722,1
111003,NIT Warangal,111003_ECE,ECE,OPEN,Gender-Neutral,AI,2023,465,717,39,686,1
111003,NIT Warangal,111003_ECE,ECE,EWS,Gender-Neutral,AI,2024,415,567,22,508,1
111003,NIT Warangal,111003_ECE,ECE,OPEN,Gender-Neutral,AI,2021,706,964,30,709,1
111003,NIT Warangal,111003_ECE,ECE,EWS,Gender-Neutral,AI,2024,415,567,22,487,1
111004,MNIT Jaipur,111004_ECE,ECE,OPEN,Gender-Neutral,AI,2020,234,476,34,666,0
111003,NIT Warangal,111003_CSE,CSE,EWS,Gender-Neutral,AI,2022,668,866,26,1256,0
111003,NIT Warangal,111003_CSE,CSE,OPEN,Gender-Neutral,AI,2022,668,866,26,1180,0
111002,NITK Surathkal,111002_CSE,CSE,EWS,Gender-Neutral,AI,2021,268,516,31,579,0
111002,NITK Surathkal,111002_ECE,ECE,OPEN,Gender-Neutral,AI,2022,308,603,34,601,1
111004,MNIT Jaipur,111004_ECE,ECE,OPEN,Gender-Neutral,AI,2021,517,726,34,614,1
111002,NITK Surathkal,111002_CSE,CSE,EWS,Gender-Neutral,AI,2020,617,881,28,770,1
111001,MNNIT Allahabad,111001_CSE,CSE,EWS,Gender-Neutral,AI,2023,370,548,23,388,1
111001,MNNIT Allahabad,111001_ECE,ECE,EWS,Gender-Neutral,AI,2022,548,743,22,805,0
111002,NITK Surathkal,111002_ECE,ECE,EWS,Gender-Neutral,AI,2020,305,505,36,543,0
111004,MNIT Jaipur,111004_CSE,CSE,EWS,Gender-Neutral,AI,2021,477,774,23,753,1
111004,MNIT Jaipur,111004_ECE,ECE,EWS,Gender-Neutral,AI,2023,510,778,30,866,0
111003,NIT Warangal,111003_ECE,ECE,EWS,Gender-Neutral,AI,2020,541,717,25,770,0
111002,NITK Surathkal,111002_ECE,ECE,OPEN,Gender-Neutral,AI,2022,308,603,34,781,0
111003,NIT Warangal,111003_CSE,CSE,EWS,Gender-Neutral,AI,2024,460,646,25,689,0
111004,MNIT Jaipur,111004_ECE,ECE,OPEN,Gender-Neutral,AI,2020,234,476,34,421,1
111001,MNNIT Allahabad,111001_ECE,ECE,EWS,Gender-Neutral,AI,2021,360,577,20,635,0
111004,MNIT Jaipur,111004_ECE,ECE,EWS,Gender-Neutral,AI,2020,234,476,34,559,0
111002,NITK Surathkal,111002_ECE,ECE,EWS,Gender-Neutral,AI,2020,305,505,36,555,0
111004,MNIT Jaipur,111004_ECE,ECE,EWS,Gender-Neutral,AI,2021,517,726,34,764,0
111004,MNIT Jaipur,111004_CSE,CSE,EWS,Gender-Neutral,AI,2021,477,774,23,458,1
111001,MNNIT Allahabad,111001_CSE,CSE,EWS,Gender-Neutral,AI,2020,302,544,34,614,0
111002,NITK Surathkal,111002_ECE,ECE,EWS,Gender-Neutral,AI,2020,305,505,36,510,0
111004,MNIT Jaipur,111004_ECE,ECE,EWS,Gender-Neutral,AI,2020,234,476,34,327,1
111003,NIT Warangal,111003_ECE,ECE,EWS,Gender-Neutral,AI,2022,718,1004,38,1260,0
111005,VNIT Nagpur,111005_CSE,CSE,OPEN,Gender-Neutral,AI,2023,676,856,34,878,0
111003,NIT Warangal,111003_ECE,ECE,EWS,Gender-Neutral,AI,2021,706,964,30,1037,0
111003,NIT Warangal,111003_CSE,CSE,EWS,Gender-Neutral,AI,2023,361,634,20,767,0
111003,NIT Warangal,111003_CSE,CSE,OPEN,Gender-Neutral,AI,2020,716,988,29,1137,0
111001,MNNIT Allahabad,111001_ECE,ECE,OPEN,Gender-Neutral,AI,2023,250,462,36,431,1
111001,MNNIT Allahabad,111001_ECE,ECE,EWS,Gender-Neutral,AI,2021,360,577,20,930,0
111002,NITK Surathkal,111002_ECE,ECE,OPEN,Gender-Neutral,AI,2024,578,805,23,802,1
111003,NIT Warangal,111003_CSE,CSE,OPEN,Gender-Neutral,AI,2021,577,863,38,894,0
111003,NIT Warangal,111003_ECE,ECE,OPEN,Gender-Neutral,AI,2022,718,1004,38,1057,0
111005,VNIT Nagpur,111005_ECE,ECE,OPEN,Gender-Neutral,AI,2020,736,964,23,1085,0
111001,MNNIT Allahabad,111001_CSE,CSE,OPEN,Gender-Neutral,AI,2024,696,897,31,1038,0
111005,VNIT Nagpur,111005_ECE,ECE,OPEN,Gender-Neutral,AI,2021,684,949,22,516,1
111001,MNNIT Allahabad,111001_ECE,ECE,EWS,Gender-Neutral,AI,2024,285,463,33,518,0
111002,NITK Surathkal,111002_CSE,CSE,OPEN,Gender-Neutral,AI,2023,572,729,23,713,1
111005,VNIT Nagpur,111005_CSE,CSE,OPEN,Gender-Neutral,AI,2024,618,917,30,876,1
111001,MNNIT Allahabad,111001_CSE,CSE,EWS,Gender-Neutral,AI,2023,370,548,23,453,1
111002,NITK Surathkal,111002_CSE,CSE,EWS,Gender-Neutral,AI,2024,250,403,20,513,0
111001,MNNIT Allahabad,111001_ECE,ECE,OPEN,Gender-Neutral,AI,2021,360,577,20,421,1
111002,NITK Surathkal,111002_ECE,ECE,OPEN,Gender-Neutral,AI,2020,305,505,36,503,1
111003,NIT Warangal,111003_CSE,CSE,EWS,Gender-Neutral,AI,2021,577,863,38,1301,0
111002,NITK Surathkal,111002_ECE,ECE,OPEN,Gender-Neutral,AI,2021,247,457,36,607,0
111001,MNNIT Allahabad,111001_ECE,ECE,EWS,Gender-Neutral,AI,2022,548,743,22,572,1
111003,NIT Warangal,111003_CSE,CSE,OPEN,Gender-Neutral,AI,2021,577,863,38,841,1
111003,NIT Warangal,111003_ECE,ECE,EWS,Gender-Neutral,AI,2024,415,567,22,487,1
111001,MNNIT Allahabad,111001_ECE,ECE,EWS,Gender-Neutral,AI,2021,360,577,20,622,0
111003,NIT Warangal,111003_CSE,CSE,EWS,Gender-Neutral,AI,2022,668,866,26,918,0
111001,MNNIT Allahabad,111001_ECE,ECE,EWS,Gender-Neutral,AI,2023,250,462,36,682,0
111001,MNNIT Allahabad,111001_CSE,CSE,OPEN,Gender-Neutral,AI,2021,539,780,34,440,1
111004,MNIT Jaipur,111004_ECE,ECE,EWS,Gender-Neutral,AI,2023,510,778,30,1001,0
111001,MNNIT Allahabad,111001_ECE,ECE,EWS,Gender-Neutral,AI,2024,285,463,33,568,0
111002,NITK Surathkal,111002_ECE,ECE,OPEN,Gender-Neutral,AI,2024,578,805,23,684,1
111005,VNIT Nagpur,111005_CSE,CSE,OPEN,Gender-Neutral,AI,2022,519,703,26,749,0
111001,MNNIT Allahabad,111001_ECE,ECE,OPEN,Gender-Neutral,AI,2023,250,462,36,307,1
111004,MNIT Jaipur,111004_ECE,ECE,OPEN,Gender-Neutral,AI,2020,234,476,34,336,1
111001,MNNIT Allahabad,111001_ECE,ECE,EWS,Gender-Neutral,AI,2022,548,743,22,601,1
111001,MNNIT Allahabad,111001_ECE,ECE,OPEN,Gender-Neutral,AI,2023,250,462,36,432,1
111001,MNNIT Allahabad,111001_CSE,CSE,OPEN,Gender-Neutral,AI,2020,302,544,34,481,1
111004,MNIT Jaipur,111004_ECE,ECE,EWS,Gender-Neutral,AI,2022,755,960,34,761,1
111003,NIT Warangal,111003_CSE,CSE,OPEN,Gender-Neutral,AI,2023,361,634,20,800,0
111001,MNNIT Allahabad,111001_CSE,CSE,OPEN,Gender-Neutral,AI,2023,370,548,23,436,1
111005,VNIT Nagpur,111005_ECE,ECE,EWS,Gender-Neutral,AI,2020,736,964,23,848,1
111005,VNIT Nagpur,111005_CSE,CSE,EWS,Gender-Neutral,AI,2020,250,414,23,432,0
111002,NITK Surathkal,111002_CSE,CSE,EWS,Gender-Neutral,AI,2021,268,516,31,548,0
111001,MNNIT Allahabad,111001_ECE,ECE,EWS,Gender-Neutral,AI,2022,548,743,22,949,0
111004,MNIT Jaipur,111004_ECE,ECE,OPEN,Gender-Neutral,AI,2024,543,746,26,573,1
111002,NITK Surathkal,111002_CSE,CSE,OPEN,Gender-Neutral,AI,2021,268,516,31,366,1
111002,NITK Surathkal,111002_CSE,CSE,OPEN,Gender-Neutral,AI,2021,268,516,31,640,0
111005,VNIT Nagpur,111005_ECE,ECE,EWS,Gender-Neutral,AI,2021,684,949,22,1093,0
111003,NIT Warangal,111003_ECE,ECE,EWS,Gender-Neutral,AI,2020,541,717,25,586,1
111001,MNNIT Allahabad,111001_ECE,ECE,OPEN,Gender-Neutral,AI,2021,360,577,20,533,1
111005,VNIT Nagpur,111005_ECE,ECE,OPEN,Gender-Neutral,AI,2024,238,399,28,303,1
111004,MNIT Jaipur,111004_ECE,ECE,OPEN,Gender-Neutral,AI,2023,510,778,30,740,1
111001,MNNIT Allahabad,111001_ECE,ECE,EWS,Gender-Neutral,AI,2024,285,463,33,532,0
111001,MNNIT Allahabad,111001_CSE,CSE,EWS,Gender-Neutral,AI,2022,720,957,20,1126,0
111004,MNIT Jaipur,111004_CSE,CSE,OPEN,Gender-Neutral,AI,2024,752,1015,31,825,1
111001,MNNIT Allahabad,111001_ECE,ECE,EWS,Gender-Neutral,AI,2020,688,965,26,1015,0
111003,NIT Warangal,111003_ECE,ECE,OPEN,Gender-Neutral,AI,2024,415,567,22,470,1
111001,MNNIT Allahabad,111001_CSE,CSE,OPEN,Gender-Neutral,AI,2022,720,957,20,685,1
111003,NIT Warangal,111003_CSE,CSE,EWS,Gender-Neutral,AI,2020,716,988,29,805,1
111003,NIT Warangal,111003_CSE,CSE,OPEN,Gender-Neutral,AI,2022,668,866,26,885,0
111004,MNIT Jaipur,111004_ECE,ECE,OPEN,Gender-Neutral,AI,2022,755,960,34,835,1
111005,VNIT Nagpur,111005_ECE,ECE,OPEN,Gender-Neutral,AI,2024,238,399,28,330,1
111001,MNNIT Allahabad,111001_CSE,CSE,OPEN,Gender-Neutral,AI,2021,539,780,34,710,1
111003,NIT Warangal,111003_CSE,CSE,OPEN,Gender-Neutral,AI,2023,361,634,20,604,1
111003,NIT Warangal,111003_ECE,ECE,EWS,Gender-Neutral,AI,2021,706,964,30,989,0
111003,NIT Warangal,111003_ECE,ECE,OPEN,Gender-Neutral,AI,2021,706,964,30,920,1
111004,MNIT Jaipur,111004_CSE,CSE,EWS,Gender-Neutral,AI,2020,488,643,38,490,1
111004,MNIT Jaipur,111004_CSE,CSE,OPEN,Gender-Neutral,AI,2024,752,1015,31,1010,1
111005,VNIT Nagpur,111005_ECE,ECE,OPEN,Gender-Neutral,AI,2021,684,949,22,1112,0
111002,NITK Surathkal,111002_ECE,ECE,EWS,Gender-Neutral,AI,2021,247,457,36,611,0
111001,MNNIT Allahabad,111001_CSE,CSE,EWS,Gender-Neutral,AI,2022,720,957,20,833,1
111003,NIT Warangal,111003_ECE,ECE,EWS,Gender-Neutral,AI,2020,541,717,25,700,1
111003,NIT Warangal,111003_ECE,ECE,EWS,Gender-Neutral,AI,2020,541,717,25,465,1
111005,VNIT Nagpur,111005_ECE,ECE,OPEN,Gender-Neutral,AI,2021,684,949,22,726,1
111004,MNIT Jaipur,111004_ECE,ECE,EWS,Gender-Neutral,AI,2024,543,746,26,500,1
111002,NITK Surathkal,111002_CSE,CSE,OPEN,Gender-Neutral,AI,2023,572,729,23,598,1
111005,VNIT Nagpur,111005_CSE,CSE,OPEN,Gender-Neutral,AI,2020,250,414,23,407,1
111004,MNIT Jaipur,111004_ECE,ECE,EWS,Gender-Neutral,AI,2020,234,476,34,320,1
111004,MNIT Jaipur,111004_CSE,CSE,EWS,Gender-Neutral,AI,2024,752,1015,31,1228,0
111005,VNIT Nagpur,111005_CSE,CSE,EWS,Gender-Neutral,AI,2021,317,487,28,479,1
111003,NIT Warangal,111003_ECE,ECE,EWS,Gender-Neutral,AI,2020,541,717,25,757,0
111003,NIT Warangal,111003_CSE,CSE,OPEN,Gender-Neutral,AI,2022,668,866,26,808,1
111001,MNNIT Allahabad,111001_CSE,CSE,EWS,Gender-Neutral,AI,2020,302,544,34,478,1
111004,MNIT Jaipur,111004_ECE,ECE,OPEN,Gender-Neutral,AI,2020,234,476,34,410,1
111003,NIT Warangal,111003_CSE,CSE,OPEN,Gender-Neutral,AI,2024,460,646,25,679,0
111003,NIT Warangal,111003_ECE,ECE,EWS,Gender-Neutral,AI,2023,465,717,39,1048,0
111003,NIT Warangal,111003_CSE,CSE,EWS,Gender-Neutral,AI,2021,577,863,38,817,1
111002,NITK Surathkal,111002_ECE,ECE,EWS,Gender-Neutral,AI,2023,200,439,33,505,0
111001,MNNIT Allahabad,111001_CSE,CSE,EWS,Gender-Neutral,AI,2024,696,897,31,1338,0
111001,MNNIT Allahabad,111001_CSE,CSE,OPEN,Gender-Neutral,AI,2023,370,548,23,614,0
111004,MNIT Jaipur,111004_CSE,CSE,OPEN,Gender-Neutral,AI,2021,477,774,23,874,0
111002,NITK Surathkal,111002_CSE,CSE,EWS,Gender-Neutral,AI,2023,572,729,23,712,1
111002,NITK Surathkal,111002_CSE,CSE,EWS,Gender-Neutral,AI,2024,250,403,20,528,0
111002,NITK Surathkal,111002_ECE,ECE,EWS,Gender-Neutral,AI,2023,200,439,33,495,0
111002,NITK Surathkal,111002_ECE,ECE,EWS,Gender-Neutral,AI,2022,308,603,34,671,0
111003,NIT Warangal,111003_CSE,CSE,EWS,Gender-Neutral,AI,2022,668,866,26,814,1
111002,NITK Surathkal,111002_CSE,CSE,OPEN,Gender-Neutral,AI,2023,572,729,23,683,1
111001,MNNIT Allahabad,111001_CSE,CSE,EWS,Gender-Neutral,AI,2020,302,544,34,703,0
111001,MNNIT Allahabad,111001_ECE,ECE,OPEN,Gender-Neutral,AI,2024,285,463,33,658,0
111002,NITK Surathkal,111002_ECE,ECE,OPEN,Gender-Neutral,AI,2023,200,439,33,485,0
111005,VNIT Nagpur,111005_CSE,CSE,OPEN,Gender-Neutral,AI,2024,618,917,30,1264,0
111004,MNIT Jaipur,111004_CSE,CSE,OPEN,Gender-Neutral,AI,2020,488,643,38,667,0
111002,NITK Surathkal,111002_CSE,CSE,EWS,Gender-Neutral,AI,2021,268,516,31,580,0
111003,NIT Warangal,111003_ECE,ECE,OPEN,Gender-Neutral,AI,2023,465,717,39,491,1
111005,VNIT Nagpur,111005_ECE,ECE,EWS,Gender-Neutral,AI,2023,536,821,27,912,0
111004,MNIT Jaipur,111004_CSE,CSE,OPEN,Gender-Neutral,AI,2022,283,438,38,433,1
111003,NIT Warangal,111003_ECE,ECE,OPEN,Gender-Neutral,AI,2022,718,1004,38,911,1
111003,NIT Warangal,111003_ECE,ECE,OPEN,Gender-Neutral,AI,2024,415,567,22,742,0
111004,MNIT Jaipur,111004_CSE,CSE,EWS,Gender-Neutral,AI,2021,477,774,23,746,1
111001,MNNIT Allahabad,111001_ECE,ECE,OPEN,Gender-Neutral,AI,2023,250,462,36,496,0
111004,MNIT Jaipur,111004_CSE,CSE,EWS,Gender-Neutral,AI,2023,271,441,37,515,0
111004,MNIT Jaipur,111004_CSE,CSE,EWS,Gender-Neutral,AI,2023,271,441,37,343,1
111003,NIT Warangal,111003_ECE,ECE,EWS,Gender-Neutral,AI,2024,415,567,22,633,0
111005,VNIT Nagpur,111005_CSE,CSE,OPEN,Gender-Neutral,AI,2023,676,856,34,829,1
111002,NITK Surathkal,111002_ECE,ECE,EWS,Gender-Neutral,AI,2024,578,805,23,980,0
111001,MNNIT Allahabad,111001_ECE,ECE,EWS,Gender-Neutral,AI,2023,250,462,36,524,0
111002,NITK Surathkal,111002_CSE,CSE,OPEN,Gender-Neutral,AI,2022,730,918,22,447,1
111004,MNIT Jaipur,111004_CSE,CSE,OPEN,Gender-Neutral,AI,2021,477,774,23,615,1
111005,VNIT Nagpur,111005_CSE,CSE,OPEN,Gender-Neutral,AI,2024,618,917,30,1115,0
111004,MNIT Jaipur,111004_CSE,CSE,OPEN,Gender-Neutral,AI,2023,271,441,37,433,1
111002,NITK Surathkal,111002_ECE,ECE,EWS,Gender-Neutral,AI,2023,200,439,33,577,0
111003,NIT Warangal,111003_CSE,CSE,OPEN,Gender-Neutral,AI,2020,716,988,29,1117,0
111001,MNNIT Allahabad,111001_CSE,CSE,EWS,Gender-Neutral,AI,2023,370,548,23,404,1
111001,MNNIT Allahabad,111001_ECE,ECE,OPEN,Gender-Neutral,AI,2020,688,965,26,1031,0
111003,NIT Warangal,111003_ECE,ECE,OPEN,Gender-Neutral,AI,2024,415,567,22,511,1
111005,VNIT Nagpur,111005_ECE,ECE,EWS,Gender-Neutral,AI,2023,536,821,27,1067,0
111002,NITK Surathkal,111002_ECE,ECE,EWS,Gender-Neutral,AI,2024,578,805,23,436,1
111001,MNNIT Allahabad,111001_ECE,ECE,OPEN,Gender-Neutral,AI,2020,688,965,26,1008,0
111001,MNNIT Allahabad,111001_ECE,ECE,EWS,Gender-Neutral,AI,2020,688,965,26,1008,0
111003,NIT Warangal,111003_CSE,CSE,EWS,Gender-Neutral,AI,2020,716,988,29,1131,0
111003,NIT Warangal,111003_ECE,ECE,EWS,Gender-Neutral,AI,2021,706,964,30,1313,0
111003,NIT Warangal,111003_CSE,CSE,EWS,Gender-Neutral,AI,2022,668,866,26,742,1
111003,NIT Warangal,111003_CSE,CSE,OPEN,Gender-Neutral,AI,2020,716,988,29,742,1
111001,MNNIT Allahabad,111001_CSE,CSE,EWS,Gender-Neutral,AI,2024,696,897,31,1149,0
111005,VNIT Nagpur,111005_ECE,ECE,OPEN,Gender-Neutral,AI,2021,684,949,22,760,1
111001,MNNIT Allahabad,111001_CSE,CSE,OPEN,Gender-Neutral,AI,2024,696,897,31,690,1
111002,NITK Surathkal,111002_ECE,ECE,OPEN,Gender-Neutral,AI,2021,247,457,36,360,1
111005,VNIT Nagpur,111005_ECE,ECE,OPEN,Gender-Neutral,AI,2024,238,399,28,350,1
111005,VNIT Nagpur,111005_ECE,ECE,EWS,Gender-Neutral,AI,2021,684,949,22,606,1
111005,VNIT Nagpur,111005_ECE,ECE,EWS,Gender-Neutral,AI,2021,684,949,22,918,1
111004,MNIT Jaipur,111004_CSE,CSE,EWS,Gender-Neutral,AI,2020,488,643,38,719,0
111003,NIT Warangal,111003_ECE,ECE,OPEN,Gender-Neutral,AI,2024,415,567,22,566,1
111004,MNIT Jaipur,111004_CSE,CSE,EWS,Gender-Neutral,AI,2020,488,643,38,687,0
111001,MNNIT Allahabad,111001_CSE,CSE,EWS,Gender-Neutral,AI,2024,696,897,31,719,1
111001,MNNIT Allahabad,111001_CSE,CSE,EWS,Gender-Neutral,AI,2020,302,544,34,463,1
111002,NITK Surathkal,111002_ECE,ECE,EWS,Gender-Neutral,AI,2024,578,805,23,938,0
111003,NIT Warangal,111003_ECE,ECE,EWS,Gender-Neutral,AI,2021,706,964,30,1081,0
111001,MNNIT Allahabad,111001_CSE,CSE,EWS,Gender-Neutral,AI,2022,720,957,20,897,1
111001,MNNIT Allahabad,111001_CSE,CSE,EWS,Gender-Neutral,AI,2022,720,957,20,796,1
111002,NITK Surathkal,111002_ECE,ECE,EWS,Gender-Neutral,AI,2021,247,457,36,366,1
111001,MNNIT Allahabad,111001_ECE,ECE,OPEN,Gender-Neutral,AI,2023,250,462,36,479,0
111003,NIT Warangal,111003_CSE,CSE,EWS,Gender-Neutral,AI,2024,460,646,25,645,1
111005,VNIT Nagpur,111005_CSE,CSE,OPEN,Gender-Neutral,AI,2023,676,856,34,541,1
111003,NIT Warangal,111003_ECE,ECE,EWS,Gender-Neutral,AI,2024,415,567,22,468,1
111004,MNIT Jaipur,111004_ECE,ECE,OPEN,Gender-Neutral,AI,2022,755,960,34,1013,0
111001,MNNIT Allahabad,111001_ECE,ECE,EWS,Gender-Neutral,AI,2020,688,965,26,813,1
111003,NIT Warangal,111003_CSE,CSE,OPEN,Gender-Neutral,AI,2021,577,863,38,835,1
111001,MNNIT Allahabad,111001_ECE,ECE,OPEN,Gender-Neutral,AI,2023,250,462,36,321,1
111003,NIT Warangal,111003_CSE,CSE,OPEN,Gender-Neutral,AI,2022,668,866,26,682,1
111003,NIT Warangal,111003_CSE,CSE,OPEN,Gender-Neutral,AI,2020,716,988,29,1009,0
111005,VNIT Nagpur,111005_CSE,CSE,EWS,Gender-Neutral,AI,2023,676,856,34,727,1
111005,VNIT Nagpur,111005_CSE,CSE,OPEN,Gender-Neutral,AI,2024,618,917,30,455,1
111004,MNIT Jaipur,111004_CSE,CSE,OPEN,Gender-Neutral,AI,2024,752,1015,31,1094,0
111001,MNNIT Allahabad,111001_ECE,ECE,EWS,Gender-Neutral,AI,2023,250,462,36,614,0
111002,NITK Surathkal,111002_ECE,ECE,EWS,Gender-Neutral,AI,2024,578,805,23,974,0
111005,VNIT Nagpur,111005_ECE,ECE,EWS,Gender-Neutral,AI,2020,736,964,23,628,1
111004,MNIT Jaipur,111004_ECE,ECE,OPEN,Gender-Neutral,AI,2024,543,746,26,517,1
111005,VNIT Nagpur,111005_ECE,ECE,OPEN,Gender-Neutral,AI,2023,536,821,27,587,1
111004,MNIT Jaipur,111004_CSE,CSE,OPEN,Gender-Neutral,AI,2024,752,1015,31,1038,0
111002,NITK Surathkal,111002_ECE,ECE,EWS,Gender-Neutral,AI,2024,578,805,23,740,1
111005,VNIT Nagpur,111005_ECE,ECE,EWS,Gender-Neutral,AI,2022,596,858,28,673,1
111004,MNIT Jaipur,111004_ECE,ECE,EWS,Gender-Neutral,AI,2022,755,960,34,403,1
111002,NITK Surathkal,111002_CSE,CSE,EWS,Gender-Neutral,AI,2022,730,918,22,1198,0
111003,NIT Warangal,111003_ECE,ECE,OPEN,Gender-Neutral,AI,2021,706,964,30,1121,0
111002,NITK Surathkal,111002_ECE,ECE,EWS,Gender-Neutral,AI,2021,247,457,36,327,1
111001,MNNIT Allahabad,111001_CSE,CSE,EWS,Gender-Neutral,AI,2020,302,544,34,586,0
111002,NITK Surathkal,111002_ECE,ECE,EWS,Gender-Neutral,AI,2021,247,457,36,673,0
111004,MNIT Jaipur,111004_ECE,ECE,OPEN,Gender-Neutral,AI,2022,755,960,34,923,1
111002,NITK Surathkal,111002_CSE,CSE,EWS,Gender-Neutral,AI,2021,268,516,31,580,0
111001,MNNIT Allahabad,111001_ECE,ECE,EWS,Gender-Neutral,AI,2023,250,462,36,417,1
111005,VNIT Nagpur,111005_ECE,ECE,EWS,Gender-Neutral,AI,2024,238,399,28,417,0
111001,MNNIT Allahabad,111001_CSE,CSE,OPEN,Gender-Neutral,AI,2021,539,780,34,719,1
111002,NITK Surathkal,111002_ECE,ECE,EWS,Gender-Neutral,AI,2022,308,603,34,752,0
111004,MNIT Jaipur,111004_CSE,CSE,EWS,Gender-Neutral,AI,2023,271,441,37,455,0
111005,VNIT Nagpur,111005_CSE,CSE,OPEN,Gender-Neutral,AI,2023,676,856,34,613,1
111002,NITK Surathkal,111002_ECE,ECE,EWS,Gender-Neutral,AI,2022,308,603,34,791,0
111003,NIT Warangal,111003_CSE,CSE,EWS,Gender-Neutral,AI,2021,577,863,38,639,1
111003,NIT Warangal,111003_ECE,ECE,EWS,Gender-Neutral,AI,2022,718,1004,38,1213,0
111005,VNIT Nagpur,111005_CSE,CSE,EWS,Gender-Neutral,AI,2021,317,487,28,593,0
111002,NITK Surathkal,111002_CSE,CSE,OPEN,Gender-Neutral,AI,2020,617,881,28,867,1
111004,MNIT Jaipur,111004_CSE,CSE,OPEN,Gender-Neutral,AI,2021,477,774,23,688,1
111001,MNNIT Allahabad,111001_CSE,CSE,EWS,Gender-Neutral,AI,2024,696,897,31,1146,0
111003,NIT Warangal,111003_ECE,ECE,EWS,Gender-Neutral,AI,2022,718,1004,38,1188,0
111001,MNNIT Allahabad,111001_CSE,CSE,OPEN,Gender-Neutral,AI,2023,370,548,23,512,1
111004,MNIT Jaipur,111004_CSE,CSE,EWS,Gender-Neutral,AI,2021,477,774,23,794,0
111002,NITK Surathkal,111002_CSE,CSE,OPEN,Gender-Neutral,AI,2024,250,403,20,412,0
111005,VNIT Nagpur,111005_CSE,CSE,EWS,Gender-Neutral,AI,2022,519,703,26,782,0
111003,NIT Warangal,111003_CSE,CSE,EWS,Gender-Neutral,AI,2021,577,863,38,820,1
111001,MNNIT Allahabad,111001_ECE,ECE,EWS,Gender-Neutral,AI,2022,548,743,22,772,0
111001,MNNIT Allahabad,111001_CSE,CSE,EWS,Gender-Neutral,AI,2023,370,548,23,870,0
111004,MNIT Jaipur,111004_ECE,ECE,EWS,Gender-Neutral,AI,2021,517,726,34,447,1
111003,NIT Warangal,111003_CSE,CSE,OPEN,Gender-Neutral,AI,2022,668,866,26,1099,0
111001,MNNIT Allahabad,111001_ECE,ECE,OPEN,Gender-Neutral,AI,2024,285,463,33,571,0
111002,NITK Surathkal,111002_CSE,CSE,EWS,Gender-Neutral,AI,2023,572,729,23,569,1
111002,NITK Surathkal,111002_CSE,CSE,EWS,Gender-Neutral,AI,2021,268,516,31,447,1
111003,NIT Warangal,111003_CSE,CSE,OPEN,Gender-Neutral,AI,2024,460,646,25,286,1
111001,MNNIT Allahabad,111001_ECE,ECE,OPEN,Gender-Neutral,AI,2020,688,965,26,827,1
111005,VNIT Nagpur,111005_ECE,ECE,OPEN,Gender-Neutral,AI,2022,596,858,28,829,1
111003,NIT Warangal,111003_ECE,ECE,OPEN,Gender-Neutral,AI,2020,541,717,25,824,0
111005,VNIT Nagpur,111005_CSE,CSE,OPEN,Gender-Neutral,AI,2021,317,487,28,523,0
111003,NIT Warangal,111003_ECE,ECE,OPEN,Gender-Neutral,AI,2024,415,567,22,484,1
111001,MNNIT Allahabad,111001_ECE,ECE,OPEN,Gender-Neutral,AI,2021,360,577,20,639,0
111001,MNNIT Allahabad,111001_ECE,ECE,EWS,Gender-Neutral,AI,2020,688,965,26,1021,0
111003,NIT Warangal,111003_CSE,CSE,OPEN,Gender-Neutral,AI,2023,361,634,20,594,1
111004,MNIT Jaipur,111004_CSE,CSE,EWS,Gender-Neutral,AI,2024,752,1015,31,907,1
111001,MNNIT Allahabad,111001_CSE,CSE,OPEN,Gender-Neutral,AI,2022,720,957,20,1156,0
111005,VNIT Nagpur,111005_CSE,CSE,OPEN,Gender-Neutral,AI,2023,676,856,34,803,1
111005,VNIT Nagpur,111005_ECE,ECE,OPEN,Gender-Neutral,AI,2020,736,964,23,815,1
111002,NITK Surathkal,111002_ECE,ECE,OPEN,Gender-Neutral,AI,2023,200,439,33,565,0
111002,NITK Surathkal,111002_CSE,CSE,OPEN,Gender-Neutral,AI,2023,572,729,23,900,0
111001,MNNIT Allahabad,111001_CSE,CSE,EWS,Gender-Neutral,AI,2022,720,957,20,745,1
111002,NITK Surathkal,111002_ECE,ECE,OPEN,Gender-Neutral,AI,2022,308,603,34,451,1
111001,MNNIT Allahabad,111001_ECE,ECE,EWS,Gender-Neutral,AI,2024,285,463,33,517,0
111005,VNIT Nagpur,111005_ECE,ECE,OPEN,Gender-Neutral,AI,2024,238,399,28,380,1
111005,VNIT Nagpur,111005_CSE,CSE,EWS,Gender-Neutral,AI,2021,317,487,28,433,1
111004,MNIT Jaipur,111004_ECE,ECE,EWS,Gender-Neutral,AI,2021,517,726,34,537,1
111002,NITK Surathkal,111002_CSE,CSE,EWS,Gender-Neutral,AI,2023,572,729,23,781,0
111003,NIT Warangal,111003_CSE,CSE,EWS,Gender-Neutral,AI,2022,668,866,26,1061,0
111004,MNIT Jaipur,111004_CSE,CSE,OPEN,Gender-Neutral,AI,2023,271,441,37,354,1
111002,NITK Surathkal,111002_ECE,ECE,OPEN,Gender-Neutral,AI,2020,305,505,36,618,0
111002,NITK Surathkal,111002_ECE,ECE,OPEN,Gender-Neutral,AI,2022,308,603,34,670,0
111005,VNIT Nagpur,111005_ECE,ECE,EWS,Gender-Neutral,AI,2023,536,821,27,1060,0
111001,MNNIT Allahabad,111001_ECE,ECE,EWS,Gender-Neutral,AI,2022,548,743,22,634,1
111001,MNNIT Allahabad,111001_ECE,ECE,OPEN,Gender-Neutral,AI,2021,360,577,20,650,0
111004,MNIT Jaipur,111004_ECE,ECE,OPEN,Gender-Neutral,AI,2024,543,746,26,990,0
111001,MNNIT Allahabad,111001_CSE,CSE,EWS,Gender-Neutral,AI,2022,720,957,20,1026,0
111002,NITK Surathkal,111002_ECE,ECE,EWS,Gender-Neutral,AI,2022,308,603,34,657,0
111005,VNIT Nagpur,111005_ECE,ECE,OPEN,Gender-Neutral,AI,2021,684,949,22,797,1
111001,MNNIT Allahabad,111001_ECE,ECE,OPEN,Gender-Neutral,AI,2022,548,743,22,398,1
111003,NIT Warangal,111003_CSE,CSE,EWS,Gender-Neutral,AI,2023,361,634,20,842,0
111002,NITK Surathkal,111002_ECE,ECE,OPEN,Gender-Neutral,AI,2024,578,805,23,736,1
111004,MNIT Jaipur,111004_CSE,CSE,OPEN,Gender-Neutral,AI,2021,477,774,23,793,0
111002,NITK Surathkal,111002_ECE,ECE,EWS,Gender-Neutral,AI,2021,247,457,36,534,0
111001,MNNIT Allahabad,111001_CSE,CSE,OPEN,Gender-Neutral,AI,2020,302,544,34,647,0
111005,VNIT Nagpur,111005_CSE,CSE,OPEN,Gender-Neutral,AI,2020,250,414,23,282,1
111004,MNIT Jaipur,111004_ECE,ECE,EWS,Gender-Neutral,AI,2024,543,746,26,373,1
111005,VNIT Nagpur,111005_CSE,CSE,EWS,Gender-Neutral,AI,2020,250,414,23,364,1
111003,NIT Warangal,111003_CSE,CSE,OPEN,Gender-Neutral,AI,2020,716,988,29,1187,0
111003,NIT Warangal,111003_ECE,ECE,EWS,Gender-Neutral,AI,2021,706,964,30,643,1
111004,MNIT Jaipur,111004_CSE,CSE,EWS,Gender-Neutral,AI,2021,477,774,23,745,1
111001,MNNIT Allahabad,111001_CSE,CSE,EWS,Gender-Neutral,AI,2021,539,780,34,648,1
111001,MNNIT Allahabad,111001_ECE,ECE,EWS,Gender-Neutral,AI,2023,250,462,36,499,0
111002,NITK Surathkal,111002_CSE,CSE,OPEN,Gender-Neutral,AI,2022,730,918,22,1126,0
111005,VNIT Nagpur,111005_CSE,CSE,OPEN,Gender-Neutral,AI,2021,317,487,28,544,0
111004,MNIT Jaipur,111004_CSE,CSE,OPEN,Gender-Neutral,AI,2023,271,441,37,360,1
111004,MNIT Jaipur,111004_ECE,ECE,OPEN,Gender-Neutral,AI,2022,755,960,34,1172,0
111005,VNIT Nagpur,111005_CSE,CSE,OPEN,Gender-Neutral,AI,2022,519,703,26,716,0
111001,MNNIT Allahabad,111001_ECE,ECE,OPEN,Gender-Neutral,AI,2022,548,743,22,567,1
111002,NITK Surathkal,111002_CSE,CSE,EWS,Gender-Neutral,AI,2024,250,403,20,544,0
111004,MNIT Jaipur,111004_CSE,CSE,EWS,Gender-Neutral,AI,2020,488,643,38,583,1
111003,NIT Warangal,111003_ECE,ECE,EWS,Gender-Neutral,AI,2023,465,717,39,621,1
111004,MNIT Jaipur,111004_ECE,ECE,EWS,Gender-Neutral,AI,2022,755,960,34,952,1
111001,MNNIT Allahabad,111001_CSE,CSE,OPEN,Gender-Neutral,AI,2020,302,544,34,584,0
111001,MNNIT Allahabad,111001_ECE,ECE,EWS,Gender-Neutral,AI,2021,360,577,20,404,1
111002,NITK Surathkal,111002_ECE,ECE,EWS,Gender-Neutral,AI,2021,247,457,36,408,1
111002,NITK Surathkal,111002_CSE,CSE,EWS,Gender-Neutral,AI,2022,730,918,22,740,1
111004,MNIT Jaipur,111004_CSE,CSE,EWS,Gender-Neutral,AI,2022,283,438,38,436,1
111005,VNIT Nagpur,111005_ECE,ECE,OPEN,Gender-Neutral,AI,2023,536,821,27,895,0
111001,MNNIT Allahabad,111001_ECE,ECE,EWS,Gender-Neutral,AI,2024,285,463,33,367,1
111001,MNNIT Allahabad,111001_ECE,ECE,OPEN,Gender-Neutral,AI,2020,688,965,26,1128,0
111004,MNIT Jaipur,111004_CSE,CSE,OPEN,Gender-Neutral,AI,2020,488,643,38,637,1
111004,MNIT Jaipur,111004_CSE,CSE,EWS,Gender-Neutral,AI,2020,488,643,38,637,1
111001,MNNIT Allahabad,111001_ECE,ECE,OPEN,Gender-Neutral,AI,2024,285,463,33,527,0
111002,NITK Surathkal,111002_ECE,ECE,OPEN,Gender-Neutral,AI,2020,305,505,36,585,0
111004,MNIT Jaipur,111004_ECE,ECE,EWS,Gender-Neutral,AI,2022,755,960,34,1001,0
111004,MNIT Jaipur,111004_ECE,ECE,EWS,Gender-Neutral,AI,2020,234,476,34,616,0
111004,MNIT Jaipur,111004_ECE,ECE,EWS,Gender-Neutral,AI,2021,517,726,34,622,1
111004,MNIT Jaipur,111004_CSE,CSE,OPEN,Gender-Neutral,AI,2024,752,1015,31,1207,0
111005,VNIT Nagpur,111005_ECE,ECE,OPEN,Gender-Neutral,AI,2023,536,821,27,970,0
111003,NIT Warangal,111003_ECE,ECE,OPEN,Gender-Neutral,AI,2020,541,717,25,699,1
111005,VNIT Nagpur,111005_ECE,ECE,EWS,Gender-Neutral,AI,2024,238,399,28,488,0
111001,MNNIT Allahabad,111001_CSE,CSE,EWS,Gender-Neutral,AI,2022,720,957,20,1167,0
111005,VNIT Nagpur,111005_ECE,ECE,OPEN,Gender-Neutral,AI,2020,736,964,23,944,1
111001,MNNIT Allahabad,111001_ECE,ECE,EWS,Gender-Neutral,AI,2022,548,743,22,724,1
111005,VNIT Nagpur,111005_CSE,CSE,OPEN,Gender-Neutral,AI,2022,519,703,26,801,0
111001,MNNIT Allahabad,111001_ECE,ECE,EWS,Gender-Neutral,AI,2023,250,462,36,541,0
111001,MNNIT Allahabad,111001_CSE,CSE,EWS,Gender-Neutral,AI,2020,302,544,34,418,1
111003,NIT Warangal,111003_ECE,ECE,EWS,Gender-Neutral,AI,2020,541,717,25,890,0
111001,MNNIT Allahabad,111001_CSE,CSE,EWS,Gender-Neutral,AI,2022,720,957,20,1116,0
111005,VNIT Nagpur,111005_ECE,ECE,EWS,Gender-Neutral,AI,2023,536,821,27,786,1
111005,VNIT Nagpur,111005_ECE,ECE,EWS,Gender-Neutral,AI,2022,596,858,28,908,0
111003,NIT Warangal,111003_ECE,ECE,EWS,Gender-Neutral,AI,2020,541,717,25,700,1
111005,VNIT Nagpur,111005_ECE,ECE,EWS,Gender-Neutral,AI,2022,596,858,28,994,0
111003,NIT Warangal,111003_CSE,CSE,EWS,Gender-Neutral,AI,2024,460,646,25,564,1
111002,NITK Surathkal,111002_CSE,CSE,OPEN,Gender-Neutral,AI,2024,250,403,20,342,1
111004,MNIT Jaipur,111004_ECE,ECE,EWS,Gender-Neutral,AI,2020,234,476,34,506,0
111005,VNIT Nagpur,111005_CSE,CSE,OPEN,Gender-Neutral,AI,2023,676,856,34,942,0
111002,NITK Surathkal,111002_CSE,CSE,OPEN,Gender-Neutral,AI,2021,268,516,31,515,1
111001,MNNIT Allahabad,111001_CSE,CSE,OPEN,Gender-Neutral,AI,2021,539,780,34,708,1
111005,VNIT Nagpur,111005_ECE,ECE,EWS,Gender-Neutral,AI,2022,596,858,28,440,1
111003,NIT Warangal,111003_CSE,CSE,EWS,Gender-Neutral,AI,2021,577,863,38,835,1
111005,VNIT Nagpur,111005_ECE,ECE,EWS,Gender-Neutral,AI,2022,596,858,28,844,1
111002,NITK Surathkal,111002_ECE,ECE,EWS,Gender-Neutral,AI,2023,200,439,33,363,1
111002,NITK Surathkal,111002_CSE,CSE,OPEN,Gender-Neutral,AI,2021,268,516,31,656,0
111001,MNNIT Allahabad,111001_CSE,CSE,EWS,Gender-Neutral,AI,2021,539,780,34,845,0
111005,VNIT Nagpur,111005_ECE,ECE,EWS,Gender-Neutral,AI,2023,536,821,27,1176,0
111002,NITK Surathkal,111002_ECE,ECE,OPEN,Gender-Neutral,AI,2023,200,439,33,481,0
111003,NIT Warangal,111003_CSE,CSE,OPEN,Gender-Neutral,AI,2023,361,634,20,690,0
111005,VNIT Nagpur,111005_ECE,ECE,OPEN,Gender-Neutral,AI,2023,536,821,27,1116,0
111005,VNIT Nagpur,111005_CSE,CSE,EWS,Gender-Neutral,AI,2022,519,703,26,615,1
111004,MNIT Jaipur,111004_ECE,ECE,OPEN,Gender-Neutral,AI,2020,234,476,34,359,1
111005,VNIT Nagpur,111005_CSE,CSE,EWS,Gender-Neutral,AI,2022,519,703,26,933,0
111001,MNNIT Allahabad,111001_ECE,ECE,EWS,Gender-Neutral,AI,2024,285,463,33,356,1
111005,VNIT Nagpur,111005_CSE,CSE,OPEN,Gender-Neutral,AI,2022,519,703,26,538,1
111005,VNIT Nagpur,111005_CSE,CSE,OPEN,Gender-Neutral,AI,2023,676,856,34,1042,0
111003,NIT Warangal,111003_ECE,ECE,OPEN,Gender-Neutral,AI,2020,541,717,25,686,1
111005,VNIT Nagpur,111005_ECE,ECE,OPEN,Gender-Neutral,AI,2023,536,821,27,997,0
111005,VNIT Nagpur,111005_CSE,CSE,EWS,Gender-Neutral,AI,2021,317,487,28,375,1
111003,NIT Warangal,111003_ECE,ECE,EWS,Gender-Neutral,AI,2023,465,717,39,635,1
111005,VNIT Nagpur,111005_ECE,ECE,EWS,Gender-Neutral,AI,2023,536,821,27,909,0
111001,MNNIT Allahabad,111001_ECE,ECE,EWS,Gender-Neutral,AI,2023,250,462,36,395,1
111005,VNIT Nagpur,111005_ECE,ECE,EWS,Gender-Neutral,AI,2020,736,964,23,1280,0
111001,MNNIT Allahabad,111001_ECE,ECE,EWS,Gender-Neutral,AI,2022,548,743,22,634,1
111005,VNIT Nagpur,111005_CSE,CSE,OPEN,Gender-Neutral,AI,2020,250,414,23,459,0
111005,VNIT Nagpur,111005_ECE,ECE,OPEN,Gender-Neutral,AI,2024,238,399,28,359,1
111004,MNIT Jaipur,111004_ECE,ECE,OPEN,Gender-Neutral,AI,2022,755,960,34,760,1
111001,MNNIT Allahabad,111001_ECE,ECE,OPEN,Gender-Neutral,AI,2020,688,965,26,797,1
111002,NITK Surathkal,111002_CSE,CSE,EWS,Gender-Neutral,AI,2021,268,516,31,616,0
111004,MNIT Jaipur,111004_CSE,CSE,OPEN,Gender-Neutral,AI,2024,752,1015,31,939,1
111001,MNNIT Allahabad,111001_ECE,ECE,OPEN,Gender-Neutral,AI,2020,688,965,26,1072,0
111003,NIT Warangal,111003_CSE,CSE,EWS,Gender-Neutral,AI,2021,577,863,38,880,0
111003,NIT Warangal,111003_CSE,CSE,EWS,Gender-Neutral,AI,2020,716,988,29,1075,0
111004,MNIT Jaipur,111004_ECE,ECE,OPEN,Gender-Neutral,AI,2022,755,960,34,1151,0
111003,NIT Warangal,111003_ECE,ECE,OPEN,Gender-Neutral,AI,2024,415,567,22,599,0
111004,MNIT Jaipur,111004_ECE,ECE,EWS,Gender-Neutral,AI,2024,543,746,26,555,1
111004,MNIT Jaipur,111004_CSE,CSE,OPEN,Gender-Neutral,AI,2023,271,441,37,318,1
111001,MNNIT Allahabad,111001_ECE,ECE,EWS,Gender-Neutral,AI,2020,688,965,26,730,1
111001,MNNIT Allahabad,111001_CSE,CSE,EWS,Gender-Neutral,AI,2022,720,957,20,1021,0
111001,MNNIT Allahabad,111001_ECE,ECE,EWS,Gender-Neutral,AI,2022,548,743,22,491,1
111003,NIT Warangal,111003_CSE,CSE,EWS,Gender-Neutral,AI,2020,716,988,29,900,1
111005,VNIT Nagpur,111005_ECE,ECE,OPEN,Gender-Neutral,AI,2022,596,858,28,945,0
111002,NITK Surathkal,111002_CSE,CSE,EWS,Gender-Neutral,AI,2020,617,881,28,948,0
111004,MNIT Jaipur,111004_CSE,CSE,EWS,Gender-Neutral,AI,2022,283,438,38,511,0
111005,VNIT Nagpur,111005_CSE,CSE,OPEN,Gender-Neutral,AI,2022,519,703,26,858,0
111004,MNIT Jaipur,111004_ECE,ECE,OPEN,Gender-Neutral,AI,2023,510,778,30,809,0
111001,MNNIT Allahabad,111001_CSE,CSE,EWS,Gender-Neutral,AI,2020,302,544,34,356,1
111005,VNIT Nagpur,111005_CSE,CSE,OPEN,Gender-Neutral,AI,2020,250,414,23,283,1
111001,MNNIT Allahabad,111001_CSE,CSE,EWS,Gender-Neutral,AI,2021,539,780,34,795,0
111003,NIT Warangal,111003_CSE,CSE,OPEN,Gender-Neutral,AI,2022,668,866,26,906,0
111004,MNIT Jaipur,111004_CSE,CSE,EWS,Gender-Neutral,AI,2022,283,438,38,500,0
111002,NITK Surathkal,111002_CSE,CSE,OPEN,Gender-Neutral,AI,2022,730,918,22,970,0
111002,NITK Surathkal,111002_ECE,ECE,OPEN,Gender-Neutral,AI,2020,305,505,36,501,1
111004,MNIT Jaipur,111004_ECE,ECE,OPEN,Gender-Neutral,AI,2022,755,960,34,975,0
111003,NIT Warangal,111003_ECE,ECE,EWS,Gender-Neutral,AI,2023,465,717,39,787,0
111004,MNIT Jaipur,111004_CSE,CSE,OPEN,Gender-Neutral,AI,2021,477,774,23,665,1
111004,MNIT Jaipur,111004_ECE,ECE,EWS,Gender-Neutral,AI,2021,517,726,34,597,1
111005,VNIT Nagpur,111005_CSE,CSE,OPEN,Gender-Neutral,AI,2024,618,917,30,817,1
111002,NITK Surathkal,111002_CSE,CSE,OPEN,Gender-Neutral,AI,2023,572,729,23,450,1
111004,MNIT Jaipur,111004_CSE,CSE,OPEN,Gender-Neutral,AI,2020,488,643,38,844,0
111002,NITK Surathkal,111002_CSE,CSE,EWS,Gender-Neutral,AI,2024,250,403,20,391,1
111003,NIT Warangal,111003_CSE,CSE,EWS,Gender-Neutral,AI,2020,716,988,29,1023,0
111001,MNNIT Allahabad,111001_ECE,ECE,OPEN,Gender-Neutral,AI,2022,548,743,22,643,1
111004,MNIT Jaipur,111004_ECE,ECE,OPEN,Gender-Neutral,AI,2024,543,746,26,410,1
111004,MNIT Jaipur,111004_CSE,CSE,EWS,Gender-Neutral,AI,2022,283,438,38,516,0
111005,VNIT Nagpur,111005_CSE,CSE,OPEN,Gender-Neutral,AI,2024,618,917,30,1096,0
111003,NIT Warangal,111003_ECE,ECE,OPEN,Gender-Neutral,AI,2022,718,1004,38,873,1
111005,VNIT Nagpur,111005_CSE,CSE,EWS,Gender-Neutral,AI,2024,618,917,30,788,1
111003,NIT Warangal,111003_CSE,CSE,EWS,Gender-Neutral,AI,2024,460,646,25,543,1
111001,MNNIT Allahabad,111001_ECE,ECE,EWS,Gender-Neutral,AI,2022,548,743,22,567,1
111001,MNNIT Allahabad,111001_ECE,ECE,OPEN,Gender-Neutral,AI,2022,548,743,22,590,1
111004,MNIT Jaipur,111004_ECE,ECE,OPEN,Gender-Neutral,AI,2021,517,726,34,949,0
111005,VNIT Nagpur,111005_ECE,ECE,EWS,Gender-Neutral,AI,2021,684,949,22,943,1
111004,MNIT Jaipur,111004_ECE,ECE,EWS,Gender-Neutral,AI,2021,517,726,34,413,1
111004,MNIT Jaipur,111004_CSE,CSE,OPEN,Gender-Neutral,AI,2022,283,438,38,380,1
111002,NITK Surathkal,111002_ECE,ECE,OPEN,Gender-Neutral,AI,2022,308,603,34,528,1
111003,NIT Warangal,111003_CSE,CSE,EWS,Gender-Neutral,AI,2023,361,634,20,541,1
111002,NITK Surathkal,111002_ECE,ECE,OPEN,Gender-Neutral,AI,2021,247,457,36,428,1
111001,MNNIT Allahabad,111001_ECE,ECE,OPEN,Gender-Neutral,AI,2024,285,463,33,553,0
111001,MNNIT Allahabad,111001_ECE,ECE,EWS,Gender-Neutral,AI,2021,360,577,20,687,0
111005,VNIT Nagpur,111005_CSE,CSE,OPEN,Gender-Neutral,AI,2022,519,703,26,820,0
111004,MNIT Jaipur,111004_CSE,CSE,OPEN,Gender-Neutral,AI,2020,488,643,38,672,0
111001,MNNIT Allahabad,111001_ECE,ECE,EWS,Gender-Neutral,AI,2022,548,743,22,703,1
111005,VNIT Nagpur,111005_ECE,ECE,OPEN,Gender-Neutral,AI,2022,596,858,28,721,1
111001,MNNIT Allahabad,111001_ECE,ECE,EWS,Gender-Neutral,AI,2024,285,463,33,345,1
111004,MNIT Jaipur,111004_CSE,CSE,OPEN,Gender-Neutral,AI,2020,488,643,38,623,1
111002,NITK Surathkal,111002_CSE,CSE,EWS,Gender-Neutral,AI,2023,572,729,23,495,1
111002,NITK Surathkal,111002_CSE,CSE,OPEN,Gender-Neutral,AI,2024,250,403,20,375,1
111003,NIT Warangal,111003_CSE,CSE,EWS,Gender-Neutral,AI,2020,716,988,29,1193,0
111001,MNNIT Allahabad,111001_ECE,ECE,OPEN,Gender-Neutral,AI,2021,360,577,20,677,0
111001,MNNIT Allahabad,111001_ECE,ECE,OPEN,Gender-Neutral,AI,2024,285,463,33,416,1
111002,NITK Surathkal,111002_CSE,CSE,OPEN,Gender-Neutral,AI,2020,617,881,28,960,0
111003,NIT Warangal,111003_CSE,CSE,OPEN,Gender-Neutral,AI,2021,577,863,38,1182,0
111002,NITK Surathkal,111002_CSE,CSE,EWS,Gender-Neutral,AI,2022,730,918,22,817,1
111003,NIT Warangal,111003_CSE,CSE,EWS,Gender-Neutral,AI,2020,716,988,29,1510,0
111005,VNIT Nagpur,111005_ECE,ECE,EWS,Gender-Neutral,AI,2021,684,949,22,1176,0
111004,MNIT Jaipur,111004_ECE,ECE,EWS,Gender-Neutral,AI,2023,510,778,30,847,0
111005,VNIT Nagpur,111005_ECE,ECE,EWS,Gender-Neutral,AI,2020,736,964,23,707,1
111005,VNIT Nagpur,111005_CSE,CSE,OPEN,Gender-Neutral,AI,2021,317,487,28,395,1
111005,VNIT Nagpur,111005_CSE,CSE,OPEN,Gender-Neutral,AI,2024,618,917,30,996,0
111001,MNNIT Allahabad,111001_ECE,ECE,OPEN,Gender-Neutral,AI,2021,360,577,20,573,1
111004,MNIT Jaipur,111004_CSE,CSE,EWS,Gender-Neutral,AI,2021,477,774,23,976,0
111003,NIT Warangal,111003_CSE,CSE,EWS,Gender-Neutral,AI,2020,716,988,29,1242,0
111004,MNIT Jaipur,111004_ECE,ECE,OPEN,Gender-Neutral,AI,2024,543,746,26,553,1
111004,MNIT Jaipur,111004_ECE,ECE,OPEN,Gender-Neutral,AI,2023,510,778,30,768,1
111004,MNIT Jaipur,111004_ECE,ECE,OPEN,Gender-Neutral,AI,2021,517,726,34,742,0
111005,VNIT Nagpur,111005_ECE,ECE,OPEN,Gender-Neutral,AI,2020,736,964,23,855,1
111002,NITK Surathkal,111002_CSE,CSE,EWS,Gender-Neutral,AI,2020,617,881,28,288,1
111004,MNIT Jaipur,111004_CSE,CSE,OPEN,Gender-Neutral,AI,2022,283,438,38,419,1
111005,VNIT Nagpur,111005_ECE,ECE,EWS,Gender-Neutral,AI,2020,736,964,23,1223,0
111004,MNIT Jaipur,111004_ECE,ECE,OPEN,Gender-Neutral,AI,2022,755,960,34,792,1
111005,VNIT Nagpur,111005_CSE,CSE,OPEN,Gender-Neutral,AI,2020,250,414,23,490,0
111005,VNIT Nagpur,111005_ECE,ECE,EWS,Gender-Neutral,AI,2020,736,964,23,1046,0
111004,MNIT Jaipur,111004_CSE,CSE,OPEN,Gender-Neutral,AI,2021,477,774,23,699,1
111005,VNIT Nagpur,111005_CSE,CSE,OPEN,Gender-Neutral,AI,2023,676,856,34,672,1
111004,MNIT Jaipur,111004_ECE,ECE,EWS,Gender-Neutral,AI,2023,510,778,30,773,1
111002,NITK Surathkal,111002_ECE,ECE,EWS,Gender-Neutral,AI,2024,578,805,23,505,1
111005,VNIT Nagpur,111005_ECE,ECE,OPEN,Gender-Neutral,AI,2023,536,821,27,649,1
111003,NIT Warangal,111003_ECE,ECE,EWS,Gender-Neutral,AI,2020,541,717,25,685,1
111002,NITK Surathkal,111002_CSE,CSE,OPEN,Gender-Neutral,AI,2023,572,729,23,944,0
111005,VNIT Nagpur,111005_CSE,CSE,EWS,Gender-Neutral,AI,2020,250,414,23,378,1
111003,NIT Warangal,111003_CSE,CSE,OPEN,Gender-Neutral,AI,2022,668,866,26,940,0
111003,NIT Warangal,111003_CSE,CSE,EWS,Gender-Neutral,AI,2024,460,646,25,547,1
111001,MNNIT Allahabad,111001_ECE,ECE,OPEN,Gender-Neutral,AI,2020,688,965,26,1013,0
111004,MNIT Jaipur,111004_CSE,CSE,EWS,Gender-Neutral,AI,2024,752,1015,31,916,1
111002,NITK Surathkal,111002_CSE,CSE,EWS,Gender-Neutral,AI,2021,268,516,31,573,0
111005,VNIT Nagpur,111005_CSE,CSE,OPEN,Gender-Neutral,AI,2023,676,856,34,880,0
111004,MNIT Jaipur,111004_CSE,CSE,EWS,Gender-Neutral,AI,2020,488,643,38,714,0
111004,MNIT Jaipur,111004_CSE,CSE,EWS,Gender-Neutral,AI,2023,271,441,37,372,1
111002,NITK Surathkal,111002_ECE,ECE,OPEN,Gender-Neutral,AI,2023,200,439,33,385,1
111005,VNIT Nagpur,111005_ECE,ECE,EWS,Gender-Neutral,AI,2024,238,399,28,453,0
111005,VNIT Nagpur,111005_CSE,CSE,EWS,Gender-Neutral,AI,2022,519,703,26,840,0
111002,NITK Surathkal,111002_CSE,CSE,EWS,Gender-Neutral,AI,2021,268,516,31,606,0
111004,MNIT Jaipur,111004_ECE,ECE,EWS,Gender-Neutral,AI,2024,543,746,26,656,1
111004,MNIT Jaipur,111004_CSE,CSE,OPEN,Gender-Neutral,AI,2023,271,441,37,449,0
111002,NITK Surathkal,111002_ECE,ECE,EWS,Gender-Neutral,AI,2020,305,505,36,274,1
111004,MNIT Jaipur,111004_CSE,CSE,EWS,Gender-Neutral,AI,2022,283,438,38,478,0
111003,NIT Warangal,111003_CSE,CSE,OPEN,Gender-Neutral,AI,2020,716,988,29,1021,0
111005,VNIT Nagpur,111005_CSE,CSE,OPEN,Gender-Neutral,AI,2024,618,917,30,1010,0
111004,MNIT Jaipur,111004_ECE,ECE,OPEN,Gender-Neutral,AI,2020,234,476,34,472,1
111002,NITK Surathkal,111002_ECE,ECE,OPEN,Gender-Neutral,AI,2022,308,603,34,680,0
111002,NITK Surathkal,111002_CSE,CSE,OPEN,Gender-Neutral,AI,2022,730,918,22,891,1
111004,MNIT Jaipur,111004_ECE,ECE,EWS,Gender-Neutral,AI,2022,755,960,34,934,1
111004,MNIT Jaipur,111004_CSE,CSE,OPEN,Gender-Neutral,AI,2021,477,774,23,832,0
111004,MNIT Jaipur,111004_CSE,CSE,EWS,Gender-Neutral,AI,2021,477,774,23,583,1
111002,NITK Surathkal,111002_CSE,CSE,OPEN,Gender-Neutral,AI,2024,250,403,20,429,0
111002,NITK Surathkal,111002_ECE,ECE,OPEN,Gender-Neutral,AI,2023,200,439,33,468,0
111002,NITK Surathkal,111002_ECE,ECE,EWS,Gender-Neutral,AI,2024,578,805,23,918,0
111002,NITK Surathkal,111002_CSE,CSE,EWS,Gender-Neutral,AI,2021,268,516,31,443,1
111005,VNIT Nagpur,111005_ECE,ECE,OPEN,Gender-Neutral,AI,2022,596,858,28,1068,0
111005,VNIT Nagpur,111005_CSE,CSE,OPEN,Gender-Neutral,AI,2020,250,414,23,282,1
111003,NIT Warangal,111003_CSE,CSE,EWS,Gender-Neutral,AI,2023,361,634,20,709,0
111002,NITK Surathkal,111002_ECE,ECE,EWS,Gender-Neutral,AI,2022,308,603,34,405,1
111003,NIT Warangal,111003_ECE,ECE,OPEN,Gender-Neutral,AI,2020,541,717,25,645,1
111004,MNIT Jaipur,111004_CSE,CSE,EWS,Gender-Neutral,AI,2021,477,774,23,758,1
111005,VNIT Nagpur,111005_ECE,ECE,EWS,Gender-Neutral,AI,2024,238,399,28,422,0
111005,VNIT Nagpur,111005_ECE,ECE,EWS,Gender-Neutral,AI,2021,684,949,22,668,1
111005,VNIT Nagpur,111005_ECE,ECE,EWS,Gender-Neutral,AI,2020,736,964,23,1206,0
111004,MNIT Jaipur,111004_CSE,CSE,EWS,Gender-Neutral,AI,2020,488,643,38,591,1
111005,VNIT Nagpur,111005_CSE,CSE,OPEN,Gender-Neutral,AI,2022,519,703,26,529,1
111005,VNIT Nagpur,111005_CSE,CSE,OPEN,Gender-Neutral,AI,2020,250,414,23,405,1
111004,MNIT Jaipur,111004_CSE,CSE,EWS,Gender-Neutral,AI,2022,283,438,38,435,1
111005,VNIT Nagpur,111005_CSE,CSE,EWS,Gender-Neutral,AI,2022,519,703,26,548,1
111003,NIT Warangal,111003_ECE,ECE,EWS,Gender-Neutral,AI,2022,718,1004,38,900,1
111005,VNIT Nagpur,111005_ECE,ECE,OPEN,Gender-Neutral,AI,2022,596,858,28,552,1
111003,NIT Warangal,111003_ECE,ECE,EWS,Gender-Neutral,AI,2023,465,717,39,692,1
111004,MNIT Jaipur,111004_ECE,ECE,EWS,Gender-Neutral,AI,2024,543,746,26,1110,0
111001,MNNIT Allahabad,111001_CSE,CSE,OPEN,Gender-Neutral,AI,2024,696,897,31,850,1
111002,NITK Surathkal,111002_CSE,CSE,EWS,Gender-Neutral,AI,2022,730,918,22,1074,0
111004,MNIT Jaipur,111004_CSE,CSE,OPEN,Gender-Neutral,AI,2024,752,1015,31,1022,0
111001,MNNIT Allahabad,111001_ECE,ECE,EWS,Gender-Neutral,AI,2022,548,743,22,682,1
111003,NIT Warangal,111003_ECE,ECE,EWS,Gender-Neutral,AI,2021,706,964,30,843,1
111001,MNNIT Allahabad,111001_CSE,CSE,OPEN,Gender-Neutral,AI,2021,539,780,34,1036,0
111003,NIT Warangal,111003_ECE,ECE,OPEN,Gender-Neutral,AI,2022,718,1004,38,996,1
111001,MNNIT Allahabad,111001_ECE,ECE,EWS,Gender-Neutral,AI,2023,250,462,36,508,0
111004,MNIT Jaipur,111004_CSE,CSE,OPEN,Gender-Neutral,AI,2022,283,438,38,378,1
111005,VNIT Nagpur,111005_CSE,CSE,OPEN,Gender-Neutral,AI,2024,618,917,30,837,1
111005,VNIT Nagpur,111005_CSE,CSE,OPEN,Gender-Neutral,AI,2022,519,703,26,761,0
111005,VNIT Nagpur,111005_CSE,CSE,EWS,Gender-Neutral,AI,2022,519,703,26,602,1
111005,VNIT Nagpur,111005_ECE,ECE,EWS,Gender-Neutral,AI,2022,596,858,28,958,0
111004,MNIT Jaipur,111004_ECE,ECE,OPEN,Gender-Neutral,AI,2021,517,726,34,787,0
111001,MNNIT Allahabad,111001_CSE,CSE,EWS,Gender-Neutral,AI,2024,696,897,31,795,1
111003,NIT Warangal,111003_ECE,ECE,OPEN,Gender-Neutral,AI,2023,465,717,39,585,1
111002,NITK Surathkal,111002_CSE,CSE,OPEN,Gender-Neutral,AI,2022,730,918,22,812,1
111004,MNIT Jaipur,111004_ECE,ECE,EWS,Gender-Neutral,AI,2022,755,960,34,946,1
111003,NIT Warangal,111003_ECE,ECE,EWS,Gender-Neutral,AI,2023,465,717,39,627,1
111004,MNIT Jaipur,111004_CSE,CSE,EWS,Gender-Neutral,AI,2024,752,1015,31,882,1
111003,NIT Warangal,111003_CSE,CSE,EWS,Gender-Neutral,AI,2023,361,634,20,752,0
111003,NIT Warangal,111003_ECE,ECE,OPEN,Gender-Neutral,AI,2022,718,1004,38,1182,0
111005,VNIT Nagpur,111005_CSE,CSE,EWS,Gender-Neutral,AI,2024,618,917,30,816,1
111002,NITK Surathkal,111002_CSE,CSE,EWS,Gender-Neutral,AI,2020,617,881,28,772,1
111002,NITK Surathkal,111002_ECE,ECE,OPEN,Gender-Neutral,AI,2024,578,805,23,952,0
111004,MNIT Jaipur,111004_ECE,ECE,EWS,Gender-Neutral,AI,2024,543,746,26,898,0
111002,NITK Surathkal,111002_ECE,ECE,EWS,Gender-Neutral,AI,2024,578,805,23,967,0
111004,MNIT Jaipur,111004_ECE,ECE,EWS,Gender-Neutral,AI,2023,510,778,30,877,0
111005,VNIT Nagpur,111005_CSE,CSE,OPEN,Gender-Neutral,AI,2022,519,703,26,707,0
111002,NITK Surathkal,111002_CSE,CSE,OPEN,Gender-Neutral,AI,2020,617,881,28,859,1
111001,MNNIT Allahabad,111001_CSE,CSE,OPEN,Gender-Neutral,AI,2020,302,544,34,492,1
111004,MNIT Jaipur,111004_ECE,ECE,OPEN,Gender-Neutral,AI,2023,510,778,30,657,1
111004,MNIT Jaipur,111004_CSE,CSE,EWS,Gender-Neutral,AI,2022,283,438,38,328,1
111005,VNIT Nagpur,111005_ECE,ECE,OPEN,Gender-Neutral,AI,2021,684,949,22,983,0
111004,MNIT Jaipur,111004_CSE,CSE,OPEN,Gender-Neutral,AI,2020,488,643,38,726,0
111004,MNIT Jaipur,111004_ECE,ECE,EWS,Gender-Neutral,AI,2021,517,726,34,799,0
111003,NIT Warangal,111003_ECE,ECE,EWS,Gender-Neutral,AI,2022,718,1004,38,794,1
111004,MNIT Jaipur,111004_ECE,ECE,EWS,Gender-Neutral,AI,2021,517,726,34,683,1
111004,MNIT Jaipur,111004_CSE,CSE,EWS,Gender-Neutral,AI,2024,752,1015,31,906,1
111001,MNNIT Allahabad,111001_CSE,CSE,OPEN,Gender-Neutral,AI,2024,696,897,31,618,1
111005,VNIT Nagpur,111005_CSE,CSE,EWS,Gender-Neutral,AI,2020,250,414,23,494,0
111004,MNIT Jaipur,111004_ECE,ECE,EWS,Gender-Neutral,AI,2021,517,726,34,949,0
111003,NIT Warangal,111003_ECE,ECE,EWS,Gender-Neutral,AI,2023,465,717,39,727,0
111003,NIT Warangal,111003_CSE,CSE,OPEN,Gender-Neutral,AI,2020,716,988,29,1261,0
111003,NIT Warangal,111003_ECE,ECE,EWS,Gender-Neutral,AI,2020,541,717,25,1112,0
111001,MNNIT Allahabad,111001_CSE,CSE,OPEN,Gender-Neutral,AI,2022,720,957,20,728,1
111001,MNNIT Allahabad,111001_CSE,CSE,EWS,Gender-Neutral,AI,2021,539,780,34,868,0
111004,MNIT Jaipur,111004_ECE,ECE,EWS,Gender-Neutral,AI,2023,510,778,30,992,0
111005,VNIT Nagpur,111005_CSE,CSE,OPEN,Gender-Neutral,AI,2021,317,487,28,502,0
111002,NITK Surathkal,111002_CSE,CSE,OPEN,Gender-Neutral,AI,2020,617,881,28,1224,0
111001,MNNIT Allahabad,111001_ECE,ECE,OPEN,Gender-Neutral,AI,2021,360,577,20,747,0
111001,MNNIT Allahabad,111001_CSE,CSE,OPEN,Gender-Neutral,AI,2021,539,780,34,790,0
111005,VNIT Nagpur,111005_CSE,CSE,OPEN,Gender-Neutral,AI,2024,618,917,30,1226,0
111002,NITK Surathkal,111002_CSE,CSE,OPEN,Gender-Neutral,AI,2021,268,516,31,541,0
111003,NIT Warangal,111003_CSE,CSE,OPEN,Gender-Neutral,AI,2024,460,646,25,855,0
111004,MNIT Jaipur,111004_ECE,ECE,EWS,Gender-Neutral,AI,2023,510,778,30,830,0
111002,NITK Surathkal,111002_ECE,ECE,EWS,Gender-Neutral,AI,2023,200,439,33,411,1
111002,NITK Surathkal,111002_CSE,CSE,EWS,Gender-Neutral,AI,2024,250,403,20,320,1
111003,NIT Warangal,111003_CSE,CSE,OPEN,Gender-Neutral,AI,2020,716,988,29,1030,0
111004,MNIT Jaipur,111004_CSE,CSE,EWS,Gender-Neutral,AI,2023,271,441,37,496,0
111002,NITK Surathkal,111002_ECE,ECE,EWS,Gender-Neutral,AI,2024,578,805,23,1035,0
111003,NIT Warangal,111003_ECE,ECE,OPEN,Gender-Neutral,AI,2024,415,567,22,471,1
111003,NIT Warangal,111003_CSE,CSE,EWS,Gender-Neutral,AI,2024,460,646,25,879,0
111001,MNNIT Allahabad,111001_ECE,ECE,EWS,Gender-Neutral,AI,2021,360,577,20,614,0
111001,MNNIT Allahabad,111001_CSE,CSE,OPEN,Gender-Neutral,AI,2023,370,548,23,580,0
111003,NIT Warangal,111003_CSE,CSE,OPEN,Gender-Neutral,AI,2023,361,634,20,506,1
111004,MNIT Jaipur,111004_CSE,CSE,EWS,Gender-Neutral,AI,2022,283,438,38,478,0
111001,MNNIT Allahabad,111001_ECE,ECE,EWS,Gender-Neutral,AI,2021,360,577,20,682,0
111005,VNIT Nagpur,111005_ECE,ECE,OPEN,Gender-Neutral,AI,2023,536,821,27,784,1
111003,NIT Warangal,111003_ECE,ECE,EWS,Gender-Neutral,AI,2021,706,964,30,1185,0
111005,VNIT Nagpur,111005_CSE,CSE,EWS,Gender-Neutral,AI,2021,317,487,28,433,1
111005,VNIT Nagpur,111005_ECE,ECE,OPEN,Gender-Neutral,AI,2023,536,821,27,867,0
111001,MNNIT Allahabad,111001_CSE,CSE,OPEN,Gender-Neutral,AI,2023,370,548,23,536,1
111005,VNIT Nagpur,111005_CSE,CSE,OPEN,Gender-Neutral,AI,2020,250,414,23,566,0
111001,MNNIT Allahabad,111001_CSE,CSE,EWS,Gender-Neutral,AI,2020,302,544,34,822,0
111001,MNNIT Allahabad,111001_ECE,ECE,EWS,Gender-Neutral,AI,2022,548,743,22,660,1
111001,MNNIT Allahabad,111001_CSE,CSE,EWS,Gender-Neutral,AI,2022,720,957,20,1068,0
111003,NIT Warangal,111003_CSE,CSE,EWS,Gender-Neutral,AI,2024,460,646,25,684,0
111002,NITK Surathkal,111002_ECE,ECE,EWS,Gender-Neutral,AI,2023,200,439,33,410,1
111001,MNNIT Allahabad,111001_ECE,ECE,EWS,Gender-Neutral,AI,2024,285,463,33,606,0
111004,MNIT Jaipur,111004_ECE,ECE,EWS,Gender-Neutral,AI,2023,510,778,30,941,0
111002,NITK Surathkal,111002_CSE,CSE,EWS,Gender-Neutral,AI,2020,617,881,28,950,0
111004,MNIT Jaipur,111004_ECE,ECE,EWS,Gender-Neutral,AI,2024,543,746,26,1087,0
111001,MNNIT Allahabad,111001_CSE,CSE,EWS,Gender-Neutral,AI,2022,720,957,20,1243,0
111005,VNIT Nagpur,111005_CSE,CSE,EWS,Gender-Neutral,AI,2023,676,856,34,1225,0
111002,NITK Surathkal,111002_ECE,ECE,OPEN,Gender-Neutral,AI,2021,247,457,36,397,1
111004,MNIT Jaipur,111004_ECE,ECE,EWS,Gender-Neutral,AI,2022,755,960,34,986,0
111004,MNIT Jaipur,111004_ECE,ECE,EWS,Gender-Neutral,AI,2020,234,476,34,448,1
111004,MNIT Jaipur,111004_ECE,ECE,EWS,Gender-Neutral,AI,2021,517,726,34,878,0
111002,NITK Surathkal,111002_CSE,CSE,EWS,Gender-Neutral,AI,2024,250,403,20,261,1
111004,MNIT Jaipur,111004_ECE,ECE,EWS,Gender-Neutral,AI,2020,234,476,34,317,1
111002,NITK Surathkal,111002_CSE,CSE,EWS,Gender-Neutral,AI,2022,730,918,22,989,0
111004,MNIT Jaipur,111004_ECE,ECE,OPEN,Gender-Neutral,AI,2021,517,726,34,975,0
111003,NIT Warangal,111003_CSE,CSE,EWS,Gender-Neutral,AI,2023,361,634,20,795,0
111003,NIT Warangal,111003_CSE,CSE,EWS,Gender-Neutral,AI,2022,668,866,26,247,1
111005,VNIT Nagpur,111005_ECE,ECE,EWS,Gender-Neutral,AI,2024,238,399,28,411,0
111005,VNIT Nagpur,111005_CSE,CSE,OPEN,Gender-Neutral,AI,2020,250,414,23,450,0
111005,VNIT Nagpur,111005_CSE,CSE,EWS,Gender-Neutral,AI,2023,676,856,34,1127,0
111002,NITK Surathkal,111002_CSE,CSE,EWS,Gender-Neutral,AI,2023,572,729,23,660,1
111002,NITK Surathkal,111002_CSE,CSE,EWS,Gender-Neutral,AI,2020,617,881,28,873,1
111001,MNNIT Allahabad,111001_ECE,ECE,OPEN,Gender-Neutral,AI,2023,250,462,36,431,1
111003,NIT Warangal,111003_ECE,ECE,EWS,Gender-Neutral,AI,2022,718,1004,38,1013,0
111004,MNIT Jaipur,111004_ECE,ECE,EWS,Gender-Neutral,AI,2021,517,726,34,615,1
111003,NIT Warangal,111003_CSE,CSE,EWS,Gender-Neutral,AI,2020,716,988,29,887,1
111004,MNIT Jaipur,111004_ECE,ECE,OPEN,Gender-Neutral,AI,2020,234,476,34,564,0
111003,NIT Warangal,111003_CSE,CSE,OPEN,Gender-Neutral,AI,2023,361,634,20,567,1
111005,VNIT Nagpur,111005_CSE,CSE,OPEN,Gender-Neutral,AI,2021,317,487,28,600,0
111004,MNIT Jaipur,111004_ECE,ECE,EWS,Gender-Neutral,AI,2023,510,778,30,829,0
111001,MNNIT Allahabad,111001_ECE,ECE,EWS,Gender-Neutral,AI,2020,688,965,26,1217,0
111003,NIT Warangal,111003_ECE,ECE,OPEN,Gender-Neutral,AI,2023,465,717,39,543,1
111002,NITK Surathkal,111002_ECE,ECE,EWS,Gender-Neutral,AI,2024,578,805,23,813,0
111001,MNNIT Allahabad,111001_CSE,CSE,OPEN,Gender-Neutral,AI,2020,302,544,34,709,0
111005,VNIT Nagpur,111005_ECE,ECE,EWS,Gender-Neutral,AI,2021,684,949,22,1273,0
111005,VNIT Nagpur,111005_ECE,ECE,OPEN,Gender-Neutral,AI,2024,238,399,28,295,1
111003,NIT Warangal,111003_ECE,ECE,EWS,Gender-Neutral,AI,2023,465,717,39,830,0
111001,MNNIT Allahabad,111001_CSE,CSE,EWS,Gender-Neutral,AI,2024,696,897,31,893,1
111002,NITK Surathkal,111002_CSE,CSE,EWS,Gender-Neutral,AI,2020,617,881,28,550,1
111001,MNNIT Allahabad,111001_CSE,CSE,OPEN,Gender-Neutral,AI,2021,539,780,34,821,0
111004,MNIT Jaipur,111004_ECE,ECE,OPEN,Gender-Neutral,AI,2023,510,778,30,928,0
111003,NIT Warangal,111003_ECE,ECE,EWS,Gender-Neutral,AI,2020,541,717,25,738,0
111003,NIT Warangal,111003_CSE,CSE,EWS,Gender-Neutral,AI,2021,577,863,38,789,1
111003,NIT Warangal,111003_CSE,CSE,EWS,Gender-Neutral,AI,2022,668,866,26,768,1
111002,NITK Surathkal,111002_ECE,ECE,EWS,Gender-Neutral,AI,2023,200,439,33,386,1
111001,MNNIT Allahabad,111001_CSE,CSE,EWS,Gender-Neutral,AI,2024,696,897,31,733,1
111002,NITK Surathkal,111002_ECE,ECE,EWS,Gender-Neutral,AI,2021,247,457,36,537,0
111005,VNIT Nagpur,111005_CSE,CSE,EWS,Gender-Neutral,AI,2024,618,917,30,1087,0
111003,NIT Warangal,111003_ECE,ECE,OPEN,Gender-Neutral,AI,2023,465,717,39,439,1
111002,NITK Surathkal,111002_ECE,ECE,OPEN,Gender-Neutral,AI,2022,308,603,34,568,1
111004,MNIT Jaipur,111004_ECE,ECE,OPEN,Gender-Neutral,AI,2023,510,778,30,940,0
111002,NITK Surathkal,111002_CSE,CSE,OPEN,Gender-Neutral,AI,2022,730,918,22,644,1
111001,MNNIT Allahabad,111001_CSE,CSE,OPEN,Gender-Neutral,AI,2020,302,544,34,519,1
111002,NITK Surathkal,111002_ECE,ECE,OPEN,Gender-Neutral,AI,2020,305,505,36,400,1
111004,MNIT Jaipur,111004_CSE,CSE,EWS,Gender-Neutral,AI,2020,488,643,38,594,1
111002,NITK Surathkal,111002_ECE,ECE,EWS,Gender-Neutral,AI,2024,578,805,23,965,0
111002,NITK Surathkal,111002_CSE,CSE,EWS,Gender-Neutral,AI,2023,572,729,23,909,0
111001,MNNIT Allahabad,111001_ECE,ECE,EWS,Gender-Neutral,AI,2023,250,462,36,274,1
111005,VNIT Nagpur,111005_CSE,CSE,OPEN,Gender-Neutral,AI,2022,519,703,26,590,1
111005,VNIT Nagpur,111005_ECE,ECE,EWS,Gender-Neutral,AI,2024,238,399,28,516,0
111004,MNIT Jaipur,111004_CSE,CSE,EWS,Gender-Neutral,AI,2022,283,438,38,468,0
111005,VNIT Nagpur,111005_CSE,CSE,EWS,Gender-Neutral,AI,2020,250,414,23,424,0
111003,NIT Warangal,111003_CSE,CSE,OPEN,Gender-Neutral,AI,2024,460,646,25,643,1
111005,VNIT Nagpur,111005_ECE,ECE,OPEN,Gender-Neutral,AI,2024,238,399,28,568,0
111003,NIT Warangal,111003_ECE,ECE,OPEN,Gender-Neutral,AI,2020,541,717,25,918,0
111005,VNIT Nagpur,111005_CSE,CSE,EWS,Gender-Neutral,AI,2021,317,487,28,462,1
111002,NITK Surathkal,111002_CSE,CSE,EWS,Gender-Neutral,AI,2022,730,918,22,1059,0
111003,NIT Warangal,111003_ECE,ECE,OPEN,Gender-Neutral,AI,2023,465,717,39,858,0
111005,VNIT Nagpur,111005_CSE,CSE,EWS,Gender-Neutral,AI,2023,676,856,34,703,1
111003,NIT Warangal,111003_ECE,ECE,OPEN,Gender-Neutral,AI,2023,465,717,39,524,1
111004,MNIT Jaipur,111004_CSE,CSE,EWS,Gender-Neutral,AI,2024,752,1015,31,1436,0
111001,MNNIT Allahabad,111001_ECE,ECE,OPEN,Gender-Neutral,AI,2024,285,463,33,512,0
111004,MNIT Jaipur,111004_ECE,ECE,EWS,Gender-Neutral,AI,2024,543,746,26,598,1
111004,MNIT Jaipur,111004_CSE,CSE,EWS,Gender-Neutral,AI,2024,752,1015,31,1039,0
111003,NIT Warangal,111003_CSE,CSE,EWS,Gender-Neutral,AI,2023,361,634,20,857,0
111004,MNIT Jaipur,111004_CSE,CSE,OPEN,Gender-Neutral,AI,2024,752,1015,31,1153,0
111003,NIT Warangal,111003_ECE,ECE,OPEN,Gender-Neutral,AI,2020,541,717,25,684,1
111001,MNNIT Allahabad,111001_CSE,CSE,EWS,Gender-Neutral,AI,2022,720,957,20,914,1
111003,NIT Warangal,111003_CSE,CSE,OPEN,Gender-Neutral,AI,2023,361,634,20,422,1
111003,NIT Warangal,111003_ECE,ECE,EWS,Gender-Neutral,AI,2023,465,717,39,591,1
111005,VNIT Nagpur,111005_CSE,CSE,OPEN,Gender-Neutral,AI,2022,519,703,26,938,0
111004,MNIT Jaipur,111004_ECE,ECE,OPEN,Gender-Neutral,AI,2022,755,960,34,576,1
111002,NITK Surathkal,111002_CSE,CSE,EWS,Gender-Neutral,AI,2022,730,918,22,887,1
111001,MNNIT Allahabad,111001_CSE,CSE,EWS,Gender-Neutral,AI,2021,539,780,34,1026,0
111002,NITK Surathkal,111002_ECE,ECE,OPEN,Gender-Neutral,AI,2020,305,505,36,448,1
111003,NIT Warangal,111003_CSE,CSE,OPEN,Gender-Neutral,AI,2022,668,866,26,1025,0
111001,MNNIT Allahabad,111001_ECE,ECE,EWS,Gender-Neutral,AI,2023,250,462,36,379,1
111002,NITK Surathkal,111002_CSE,CSE,EWS,Gender-Neutral,AI,2023,572,729,23,729,1
111005,VNIT Nagpur,111005_ECE,ECE,OPEN,Gender-Neutral,AI,2022,596,858,28,889,0
111001,MNNIT Allahabad,111001_ECE,ECE,EWS,Gender-Neutral,AI,2024,285,463,33,481,0
111002,NITK Surathkal,111002_ECE,ECE,EWS,Gender-Neutral,AI,2024,578,805,23,1160,0
111005,VNIT Nagpur,111005_CSE,CSE,OPEN,Gender-Neutral,AI,2020,250,414,23,362,1
111003,NIT Warangal,111003_CSE,CSE,OPEN,Gender-Neutral,AI,2020,716,988,29,977,1
111003,NIT Warangal,111003_CSE,CSE,OPEN,Gender-Neutral,AI,2024,460,646,25,885,0
111002,NITK Surathkal,111002_ECE,ECE,EWS,Gender-Neutral,AI,2022,308,603,34,842,0
111004,MNIT Jaipur,111004_ECE,ECE,OPEN,Gender-Neutral,AI,2023,510,778,30,824,0
111002,NITK Surathkal,111002_ECE,ECE,EWS,Gender-Neutral,AI,2020,305,505,36,580,0
111004,MNIT Jaipur,111004_CSE,CSE,EWS,Gender-Neutral,AI,2023,271,441,37,583,0
111001,MNNIT Allahabad,111001_ECE,ECE,EWS,Gender-Neutral,AI,2021,360,577,20,727,0
111004,MNIT Jaipur,111004_CSE,CSE,EWS,Gender-Neutral,AI,2023,271,441,37,553,0
111005,VNIT Nagpur,111005_CSE,CSE,OPEN,Gender-Neutral,AI,2023,676,856,34,894,0
111001,MNNIT Allahabad,111001_CSE,CSE,EWS,Gender-Neutral,AI,2024,696,897,31,909,0
111002,NITK Surathkal,111002_ECE,ECE,EWS,Gender-Neutral,AI,2023,200,439,33,471,0
111001,MNNIT Allahabad,111001_CSE,CSE,OPEN,Gender-Neutral,AI,2024,696,897,31,687,1
111003,NIT Warangal,111003_CSE,CSE,EWS,Gender-Neutral,AI,2022,668,866,26,722,1
111002,NITK Surathkal,111002_ECE,ECE,EWS,Gender-Neutral,AI,2021,247,457,36,738,0
111002,NITK Surathkal,111002_CSE,CSE,EWS,Gender-Neutral,AI,2020,617,881,28,448,1
111003,NIT Warangal,111003_CSE,CSE,OPEN,Gender-Neutral,AI,2023,361,634,20,589,1
111001,MNNIT Allahabad,111001_ECE,ECE,OPEN,Gender-Neutral,AI,2021,360,577,20,574,1
111004,MNIT Jaipur,111004_CSE,CSE,EWS,Gender-Neutral,AI,2020,488,643,38,614,1
111001,MNNIT Allahabad,111001_CSE,CSE,OPEN,Gender-Neutral,AI,2021,539,780,34,928,0
111004,MNIT Jaipur,111004_ECE,ECE,OPEN,Gender-Neutral,AI,2020,234,476,34,451,1
111001,MNNIT Allahabad,111001_CSE,CSE,OPEN,Gender-Neutral,AI,2023,370,548,23,404,1
111001,MNNIT Allahabad,111001_ECE,ECE,OPEN,Gender-Neutral,AI,2020,688,965,26,902,1
111002,NITK Surathkal,111002_CSE,CSE,EWS,Gender-Neutral,AI,2023,572,729,23,772,0
111005,VNIT Nagpur,111005_CSE,CSE,OPEN,Gender-Neutral,AI,2023,676,856,34,884,0
111003,NIT Warangal,111003_CSE,CSE,OPEN,Gender-Neutral,AI,2021,577,863,38,815,1
111001,MNNIT Allahabad,111001_ECE,ECE,OPEN,Gender-Neutral,AI,2020,688,965,26,896,1
